bulk_corr,error,tot_seed,sample
0.000249117973413998,1.9103908078199105e-05,1800,459776
