bulk_corr,error,tot_seed,sample
0.015115189644587874,0.00014704324088861233,3000,179200
