corr_etoe,error,Nseed,Nsample
0.8375460348493419,0.01891085728651969,2000,2000
