corr_etoe,error,Nseed,Nsample
1.0730017842414752,0.01927299653611811,2000,2000
