bulk_corr,error,tot_seed,sample
0.015642610657045468,7.466234361710707e-05,1800,230400
