bulk_corr,error,tot_seed,sample
0.10232010418052002,0.000709630898627411,2000,64000
