bulk_corr,error,tot_seed,sample
0.10260660204290845,0.0007505099586645224,1800,57600
