bulk_corr,error,tot_seed,sample
0.022689604325041395,7.438597934073416e-05,1800,460800
