bulk_corr,error,tot_seed,sample
0.0316347399505217,0.00015239197557693698,1800,115200
