bulk_corr,error,tot_seed,sample
0.2175806230792177,0.0003962043699438462,3000,96000
