bulk_corr,error,tot_seed,sample
0.10129846635050971,0.00032072177039745183,3000,192000
