bulk_corr,error,tot_seed,sample
0.012299171899060973,0.00013774193446682055,1800,230400
