corr_etoe,error,Nseed,Nsample
2.0356063345801934,0.01096776127852053,3000,3000
