bulk_corr,error,tot_seed,sample
0.032613843144452176,0.0001512640660186588,2000,256000
