bulk_corr,error,tot_seed,sample
0.032365818571074775,0.00015943884888565507,1800,230400
