bulk_corr,error,tot_seed,sample
0.019274919823584508,0.00014678761111217145,1000,192000
