bulk_corr,error,tot_seed,sample
0.22020295146209815,0.0007096144997985578,3000,96000
