bulk_corr,error,tot_seed,sample
0.24315307997550284,0.0008647989669436493,2000,64000
