bulk_corr,error,tot_seed,sample
0.03723126784490481,0.00017113776391444735,2000,256000
