bulk_corr,error,tot_seed,sample
0.036988406129072574,0.00017965107208724583,1800,230400
