bulk_corr,error,tot_seed,sample
0.05578905654510121,0.0002905003482067736,1800,115200
