bulk_corr,error,tot_seed,sample
0.04314707114146389,0.00025594918798417575,1800,115200
