bulk_corr,error,tot_seed,sample
0.0023770068464600788,4.815105717499536e-05,2000,512000
