bulk_corr,error,tot_seed,sample
0.0023882269334352313,5.108311181062815e-05,1800,460800
