bulk_corr,error,tot_seed,sample
0.003594837618097522,2.49606183471334e-05,1800,460800
