bulk_corr,error,tot_seed,sample
0.02587885866787746,0.00014560862979116126,1800,230400
