bulk_corr,error,tot_seed,sample
0.025533922092282137,0.0001364000090242068,2000,256000
