bulk_corr,error,tot_seed,sample
0.25815783872531045,0.0005259638554569832,3000,96000
