corr_etoe,error,Nseed,Nsample
0.019170270318314215,0.004755289170570749,1000,1000
