corr_etoe,error,Nseed,Nsample
0.46733746826281525,0.02193274856789556,1000,1000
