bulk_corr,error,tot_seed,sample
0.22845595517388145,0.0007014118374808492,3000,96000
