corr_etoe,error,Nseed,Nsample
1.9442996429703256,0.0121692093319191,3000,3000
