corr_etoe,error,Nseed,Nsample
1.5208169658563981,0.022285204930881722,2000,2000
