corr_etoe,error,Nseed,Nsample
1.7744293612518098,0.017057393869189124,2000,2000
