corr_etoe,error,Nseed,Nsample
1.1141167706116013,0.027114747936350096,2000,2000
