bulk_corr,error,tot_seed,sample
0.06105323495593227,0.0001324428768623705,2000,256000
