bulk_corr,error,tot_seed,sample
0.06109870243140564,0.00013915478490982618,1800,230400
