bulk_corr,error,tot_seed,sample
0.044782589392135405,0.00015610923357694455,1800,230400
