bulk_corr,error,tot_seed,sample
0.06115178731559312,0.0001342663546149047,3000,384000
