corr_etoe,error,Nseed,Nsample
1.7432481913187414,0.010921503930504487,3000,3000
