bulk_corr,error,tot_seed,sample
0.05455546058519119,0.0001731112491042981,900,115200
