bulk_corr,error,tot_seed,sample
0.006565970416303209,6.208636503064724e-05,1800,460800
