bulk_corr,error,tot_seed,sample
0.006667220426161242,5.9129409800179335e-05,2000,512000
