bulk_corr,error,tot_seed,sample
0.0055520549679929955,2.484957881766175e-05,1800,460800
