bulk_corr,error,tot_seed,sample
0.3126269847615736,0.000892597642302088,900,28800
