bulk_corr,error,tot_seed,sample
0.2999461950943146,0.0010554254817869012,900,28800
