bulk_corr,error,tot_seed,sample
0.19663869224275,0.0007203519419196629,3000,96000
