bulk_corr,error,tot_seed,sample
0.22158717472383477,0.0007150097241209207,3000,96000
