bulk_corr,error,tot_seed,sample
0.02666606098397065,0.00014288085055332554,2500,294400
