bulk_corr,error,tot_seed,sample
0.2357459528720215,0.00087953277065572,2000,64000
