bulk_corr,error,tot_seed,sample
0.043041376446583686,0.00017185047772213047,2500,256000
