bulk_corr,error,tot_seed,sample
0.23592860879864433,0.0008011427624446207,1800,57600
