bulk_corr,error,tot_seed,sample
0.2350803116038192,0.0007597575329558796,2000,64000
