corr_etoe,error,Nseed,Nsample
0.26748075152375606,0.010984156974495249,2000,2000
