corr_etoe,error,Nseed,Nsample
0.5713910976131503,0.014005292842898375,2000,2000
