corr_etoe,error,Nseed,Nsample
0.09873225336530685,0.009102628473700485,1000,1000
