bulk_corr,error,tot_seed,sample
0.05395569281403223,0.00016705483315776327,1800,230400
