bulk_corr,error,tot_seed,sample
-6.172464911154202e-05,2.8919844245754838e-06,1400,358400
