bulk_corr,error,tot_seed,sample
0.2907544893757406,0.0005342040726609827,1800,57600
