bulk_corr,error,tot_seed,sample
0.04480267917715037,0.0001872737855785041,1800,230400
