bulk_corr,error,tot_seed,sample
0.04514529897760858,0.00017740739641257914,2000,256000
