corr_etoe,error,Nseed,Nsample
2.058890438290902,0.018413187426275908,3000,3000
