corr_etoe,error,Nseed,Nsample
0.9293476102634262,0.056079709877841,1000,1000
