bulk_corr,error,tot_seed,sample
0.0011039125074750137,1.4113144242388318e-05,1000,256000
