bulk_corr,error,tot_seed,sample
0.0010779747298668815,1.395548863506371e-05,900,230400
