bulk_corr,error,tot_seed,sample
4.5122212479785244e-05,1.892173538419767e-05,1800,450816
