corr_etoe,error,Nseed,Nsample
0.16055976288576745,0.007828052511259844,2000,2000
