bulk_corr,error,tot_seed,sample
0.10016399781128948,0.00040779189500821187,2000,128000
