bulk_corr,error,tot_seed,sample
0.11162215759209698,0.00039421733674661685,1800,115200
