ZL,error,Nseed,Nsample
0.7401494542011381,0.00161835744450135,3000.0,3000.0
