ZL,error,Nseed,Nsample
0.836757725620452,0.0015631084194041962,3000.0,3000.0
