ZL,error,Nseed,Nsample
0.8974382733503761,0.0021420959440486944,3000.0,3000.0
