corr_etoe,error,Nseed,Nsample
0.4453881591593001,0.013037618863617139,3000,3000
