corr_etoe,error,Nseed,Nsample
0.11873049335655395,0.008803326066731997,2500,2000
