corr_etoe,error,Nseed,Nsample
0.029901939831429823,0.005947066223047917,1000,999
