bulk_corr,error,tot_seed,sample
0.09451580979914334,0.0007902508690379695,1800,57600
