bulk_corr,error,tot_seed,sample
0.10481391143229891,0.0007911913039852175,1500,46375
