bulk_corr,error,tot_seed,sample
0.10611212441358076,0.0007203208583754021,2000,55847
