bulk_corr,error,tot_seed,sample
0.01683954731835429,7.159093056149648e-05,2000,512000
