bulk_corr,error,tot_seed,sample
0.004215350848647724,2.6064408042235007e-05,1800,460800
