bulk_corr,error,tot_seed,sample
0.2105170770956489,0.0007010252237531834,3000,96000
