bulk_corr,error,tot_seed,sample
0.06552553488477389,0.00020331705088545316,900,115200
