bulk_corr,error,tot_seed,sample
0.013617852914389082,5.724860077522249e-05,1800,230400
