bulk_corr,error,tot_seed,sample
0.2010519991553328,0.0007266222734581383,3000,96000
