bulk_corr,error,tot_seed,sample
0.0007986054501686502,3.6823903462380954e-05,1800,453376
