bulk_corr,error,tot_seed,sample
0.10776555047795443,0.0004042329555305814,2000,128000
