bulk_corr,error,tot_seed,sample
0.1210103140664125,0.0003740471907397364,1800,115200
