bulk_corr,error,tot_seed,sample
0.022380420244834554,0.00010057099699099357,1000,256000
