bulk_corr,error,tot_seed,sample
0.28770753803746385,0.0007024816174363942,1000,32000
