bulk_corr,error,tot_seed,sample
0.019578568894681018,0.0001269106763576953,1800,115200
