bulk_corr,error,tot_seed,sample
-0.0006323452493651634,2.1658322140555637e-05,2000,256000
