bulk_corr,error,tot_seed,sample
-0.0006090701674918618,2.2573182413222415e-05,1800,230400
