bulk_corr,error,tot_seed,sample
-4.038494211042955e-06,5.0868881358856325e-06,900,230400
