bulk_corr,error,tot_seed,sample
0.11654230748436163,0.00029102705085339963,3000,192000
