bulk_corr,error,tot_seed,sample
0.0904023232963319,0.00031966460542424263,3000,192000
