bulk_corr,error,tot_seed,sample
0.0008374404044717476,2.9763879882279117e-05,1800,230400
