bulk_corr,error,tot_seed,sample
0.13186076660436288,0.00039263021527925014,2000,128000
