bulk_corr,error,tot_seed,sample
0.02281397491572388,9.145844517623242e-05,900,230400
