bulk_corr,error,tot_seed,sample
0.03656436554014755,0.00014294454627762626,1000,192052
