bulk_corr,error,tot_seed,sample
0.017431235738607047,7.151579012781464e-05,900,230400
