bulk_corr,error,tot_seed,sample
0.12878866543393377,0.0005263008846877435,1800,57600
