bulk_corr,error,tot_seed,sample
0.13039477948023143,0.0005001082243454701,2000,64000
