bulk_corr,error,tot_seed,sample
0.008189410167386639,9.302006784600907e-05,1000,192000
