bulk_corr,error,tot_seed,sample
0.007875984615720793,9.844857379245916e-05,900,172800
