bulk_corr,error,tot_seed,sample
0.015730613918383585,6.831752481834863e-05,1800,230400
