bulk_corr,error,tot_seed,sample
0.139071060791237,0.0004988547585193299,900,57600
