corr_etoe,error,Nseed,Nsample
0.18478298012024488,0.06489423258460865,300,300
