bulk_corr,error,tot_seed,sample
0.07986971447039004,0.0017491812682806282,2500,6400
