bulk_corr,error,tot_seed,sample
0.04198552382159765,0.0001679056161931378,1800,230400
