bulk_corr,error,tot_seed,sample
0.11194388533984935,0.0002087349127189922,3000,96000
