bulk_corr,error,tot_seed,sample
0.20286169795123757,0.0007028250169945271,3000,96000
