bulk_corr,error,tot_seed,sample
0.023032688353977933,0.00015587062311174128,2000,256000
