bulk_corr,error,tot_seed,sample
0.09446838630951461,0.00032194305896763377,3000,192000
