bulk_corr,error,tot_seed,sample
0.01059095780212826,0.00011087864588774585,1800,115200
