bulk_corr,error,tot_seed,sample
0.010414355377152318,0.000105304274515511,2000,128000
