bulk_corr,error,tot_seed,sample
0.281191915832291,0.0005228308157314089,2000,64000
