bulk_corr,error,tot_seed,sample
0.10358129450950083,0.0004067186348839653,2000,128000
