bulk_corr,error,tot_seed,sample
0.029696481061287226,0.00021989281608693093,1800,115200
