bulk_corr,error,tot_seed,sample
0.03656024334554745,0.00011181941231387951,1800,230414
