bulk_corr,error,tot_seed,sample
0.008956880428273755,7.178233522264119e-05,1000,192000
