bulk_corr,error,tot_seed,sample
0.16912398810238893,0.0007172451054218374,3000,96000
