bulk_corr,error,tot_seed,sample
0.25014907804663683,0.0012746514536062792,900,28800
