corr_etoe,error,Nseed,Nsample
0.5722661120776309,0.021886570813392906,1000,1000
