corr_etoe,error,Nseed,Nsample
1.0937101337976178,0.01468093551467468,2000,2000
