bulk_corr,error,tot_seed,sample
0.10273162394609393,0.0006022471572958666,2000,64000
