bulk_corr,error,tot_seed,sample
0.10315733101991947,0.0006367543818618993,1800,57600
