bulk_corr,error,tot_seed,sample
0.07281983125880996,0.0003162070430794881,3000,192000
