bulk_corr,error,tot_seed,sample
0.005883949712898234,3.0505803212819803e-05,1800,460800
