bulk_corr,error,tot_seed,sample
0.0026815163265119534,1.9409943247988577e-05,1800,460800
