bulk_corr,error,tot_seed,sample
0.12815633003093213,0.00024619960310002083,2000,128000
