bulk_corr,error,tot_seed,sample
0.12855391419536366,0.00026028770224993084,1800,115200
