bulk_corr,error,tot_seed,sample
0.005602467974970787,8.356533277285417e-05,1000,256000
