bulk_corr,error,tot_seed,sample
0.018277118619219494,6.72002309475191e-05,900,230400
