bulk_corr,error,tot_seed,sample
0.014591179180457263,6.762648415587309e-05,1800,460800
