bulk_corr,error,tot_seed,sample
0.07293704313951466,0.00021019770152611952,1800,115200
