bulk_corr,error,tot_seed,sample
0.0013412464884495006,4.052303745810251e-05,1800,456960
