bulk_corr,error,tot_seed,sample
0.009964576436359642,9.250867583242204e-05,2000,256000
