bulk_corr,error,tot_seed,sample
0.009829779152184963,9.740142622036193e-05,1800,230400
