bulk_corr,error,tot_seed,sample
0.0741068847663176,0.00031736756532800244,3000,192000
