bulk_corr,error,tot_seed,sample
0.22036138296341437,0.0003943407793313261,3000,96000
