bulk_corr,error,tot_seed,sample
0.14622428222561365,0.0006329092353147744,1800,57600
