bulk_corr,error,tot_seed,sample
0.24412548353702562,0.0005256003187279026,3000,96000
