bulk_corr,error,tot_seed,sample
0.022915571459021847,9.707553276639886e-05,1000,256000
