bulk_corr,error,tot_seed,sample
0.060162180249210245,0.0001964742782591659,1800,115200
