bulk_corr,error,tot_seed,sample
0.11369876665928727,0.0002342070602299065,2000,128000
