corr_etoe,error,Nseed,Nsample
2.1069510361620827,0.015855115697495654,2000,2000
