corr_etoe,error,Nseed,Nsample
1.8477555943432198,0.023197254694227617,2000,2000
