bulk_corr,error,tot_seed,sample
0.14025567683517204,0.0003915790806779343,1800,115200
