bulk_corr,error,tot_seed,sample
0.009296096694649451,0.00012495595593482777,1800,230144
