bulk_corr,error,tot_seed,sample
0.004845829686877246,3.103046985436553e-05,1800,460800
