bulk_corr,error,tot_seed,sample
0.0017960106792371303,3.692862109182233e-05,2000,512000
