bulk_corr,error,tot_seed,sample
0.001873113125957899,3.921902258716508e-05,1800,460800
