bulk_corr,error,tot_seed,sample
0.04969641749746413,0.00023651935887720408,1800,115200
