bulk_corr,error,tot_seed,sample
0.017490340327624462,0.00010520836061900903,900,230400
