bulk_corr,error,tot_seed,sample
0.023420548682896697,0.0001478402602499442,2800,268800
