bulk_corr,error,tot_seed,sample
0.023849984170509504,0.00016099587443269098,1800,230400
