bulk_corr,error,tot_seed,sample
0.0205937971239549,7.584735465772815e-05,1800,230400
