corr_etoe,error,Nseed,Nsample
0.4185527779702739,0.02270778405186539,1000,1000
