corr_etoe,error,Nseed,Nsample
0.03820064646974269,0.006827739454994715,1000,1000
