bulk_corr,error,tot_seed,sample
0.01041103680983287,6.745163283985366e-05,2000,512000
