corr_etoe,error,Nseed,Nsample
2.0776479294915133,0.010930970595596617,3000,3000
