bulk_corr,error,tot_seed,sample
0.02830999504274678,0.00015642382441624877,3000,268800
