bulk_corr,error,tot_seed,sample
0.046939571112125406,0.00036705362356152446,1800,115200
