bulk_corr,error,tot_seed,sample
0.18350732991309113,0.0002951799403685258,3000,96000
