bulk_corr,error,tot_seed,sample
0.017864299874468317,0.00017904349813225665,2500,153600
