bulk_corr,error,tot_seed,sample
0.0068343866962819275,0.00011177699411007206,1800,115200
