bulk_corr,error,tot_seed,sample
0.24756110801931341,0.000858121468074501,2000,64000
