bulk_corr,error,tot_seed,sample
0.24812119547219114,0.000903707882627207,1800,57600
