bulk_corr,error,tot_seed,sample
0.022643710126675234,0.00012648777012771512,3000,281600
