bulk_corr,error,tot_seed,sample
0.01854290606278039,7.745516452650015e-05,1000,192000
