bulk_corr,error,tot_seed,sample
0.17446299433264592,0.00070963494106165,3000,96000
