bulk_corr,error,tot_seed,sample
0.23829224627310755,0.0005183549393324182,3000,96000
