bulk_corr,error,tot_seed,sample
0.023363680576431962,0.00017092966189615377,3000,204800
