bulk_corr,error,tot_seed,sample
0.23249880620493937,0.0007010469361682348,3000,96000
