bulk_corr,error,tot_seed,sample
0.007872846460552965,0.00010520555425855402,1000,153600
