bulk_corr,error,tot_seed,sample
0.08293313497055055,0.0002485889582749423,1800,115200
