corr_etoe,error,Nseed,Nsample
0.12000779237530844,0.009198931298039607,1000,1000
