bulk_corr,error,tot_seed,sample
0.13931004778455372,0.0007098046253275239,3000,96000
