bulk_corr,error,tot_seed,sample
0.23641015982324393,0.000705989440512884,3000,96000
