bulk_corr,error,tot_seed,sample
0.20762654207308875,0.0007170574928925587,3000,96000
