bulk_corr,error,tot_seed,sample
0.04305162916490365,0.0001766939935088111,2500,243200
