bulk_corr,error,tot_seed,sample
0.2759467508608216,0.0005807289734348297,2000,64000
