bulk_corr,error,tot_seed,sample
0.017469656078223733,7.289874352993684e-05,2000,512000
