bulk_corr,error,tot_seed,sample
0.11771659947445995,0.0004817198138352396,1800,57600
