bulk_corr,error,tot_seed,sample
0.08738112986220578,0.0004411077919310633,2000,64000
