bulk_corr,error,tot_seed,sample
0.08675907921587254,0.000464916504382777,1800,57600
