bulk_corr,error,tot_seed,sample
0.016526070702350164,0.00014134576213375115,2000,255872
