bulk_corr,error,tot_seed,sample
0.016374754649700902,0.00014923011381328996,1800,230272
