corr_etoe,error,Nseed,Nsample
1.2279952680026933,0.02456054268693253,1000,1000
