corr_etoe,error,Nseed,Nsample
1.03434244747046,0.02589128579324885,1000,1000
