bulk_corr,error,tot_seed,sample
0.2390518854796381,0.0012754861897003426,900,28800
