bulk_corr,error,tot_seed,sample
0.12639400816703894,0.0003864412928523693,900,57600
