bulk_corr,error,tot_seed,sample
-3.750144393456674e-05,4.334904481934424e-06,1800,460800
