bulk_corr,error,tot_seed,sample
0.10932919887507914,0.00032880100599162596,3000,192000
