bulk_corr,error,tot_seed,sample
0.006631532691743845,6.892167712409518e-05,1000,192000
