bulk_corr,error,tot_seed,sample
0.002127876321613611,2.0227525313234702e-05,900,230400
