bulk_corr,error,tot_seed,sample
0.002146795382983671,1.8848227821986272e-05,1000,256000
