corr_etoe,error,Nseed,Nsample
0.28925625127866045,0.019055063037896464,1000,1000
