bulk_corr,error,tot_seed,sample
0.015013165772355744,6.0986139953278033e-05,900,230400
