bulk_corr,error,tot_seed,sample
0.007555364651067886,4.6806898874929905e-05,1000,256000
