bulk_corr,error,tot_seed,sample
0.00644850283249476,3.373408577238963e-05,1800,460800
