bulk_corr,error,tot_seed,sample
0.204737219304826,0.0007198149741271915,3000,96000
