bulk_corr,error,tot_seed,sample
0.052134310223572046,0.00017596250915300884,2000,256000
