bulk_corr,error,tot_seed,sample
0.011966662614479337,6.954869770909603e-05,1800,460875
