bulk_corr,error,tot_seed,sample
0.011914941147894641,6.615523193858451e-05,2000,512152
