bulk_corr,error,tot_seed,sample
0.0817289857634106,0.000760463818424049,1800,57600
