bulk_corr,error,tot_seed,sample
0.10930932865234139,0.0007275263172306936,1800,57600
