bulk_corr,error,tot_seed,sample
0.10905502368462436,0.0006873403732930207,2000,64000
