bulk_corr,error,tot_seed,sample
0.17308641931563287,0.0007126390703727014,3000,96000
