bulk_corr,error,tot_seed,sample
0.14266557426779283,0.00045641449602423046,900,57600
