bulk_corr,error,tot_seed,sample
0.01610432104531324,7.664975189696426e-05,1000,192000
