bulk_corr,error,tot_seed,sample
0.013903377104796399,0.0001321828762200955,1000,192035
