bulk_corr,error,tot_seed,sample
0.01859553194326064,0.0002573191972783887,1800,115200
