bulk_corr,error,tot_seed,sample
0.01809417928861117,0.00013269487198155352,3000,230400
