bulk_corr,error,tot_seed,sample
0.02150651919923612,0.00013626520062614235,2500,294400
