bulk_corr,error,tot_seed,sample
0.13081889970350705,0.00037699884345571014,2000,64000
