bulk_corr,error,tot_seed,sample
0.1313358444754084,0.0003984655262219227,1800,57600
