bulk_corr,error,tot_seed,sample
-6.284760081242099e-05,3.746604126884233e-06,900,230400
