bulk_corr,error,tot_seed,sample
-5.940427174352847e-05,3.5043376971285816e-06,1000,256000
