bulk_corr,error,tot_seed,sample
0.3109628210339423,0.000958723203359013,900,28800
