bulk_corr,error,tot_seed,sample
0.29615569606585407,0.0010532599596363849,1000,32000
