bulk_corr,error,tot_seed,sample
0.0013273228192531693,4.36163541234871e-05,1800,457728
