bulk_corr,error,tot_seed,sample
0.02652920263504856,0.0001512243163492813,1000,192016
