bulk_corr,error,tot_seed,sample
-6.072509780026279e-05,3.375840009743713e-06,1000,256000
