bulk_corr,error,tot_seed,sample
-6.619244672560953e-05,3.650852929595008e-06,900,230400
