bulk_corr,error,tot_seed,sample
0.015443801556785397,0.00019712600025561876,2000,128000
