bulk_corr,error,tot_seed,sample
0.015528568283793044,0.00020841204239641848,1800,115200
