bulk_corr,error,tot_seed,sample
0.005322991329615299,0.0001078170176239759,1800,228736
