bulk_corr,error,tot_seed,sample
0.10762915502251051,0.0005490168174233112,2000,64000
