bulk_corr,error,tot_seed,sample
0.10718896362655962,0.0005793412290500688,1800,57600
