bulk_corr,error,tot_seed,sample
0.07151513514570844,0.0003138215446448691,3000,192000
