bulk_corr,error,tot_seed,sample
0.10189042327504992,0.000717704859363939,2000,64000
