bulk_corr,error,tot_seed,sample
0.10186661305988964,0.0007599748676039092,1800,57600
