corr_etoe,error,Nseed,Nsample
2.023038913628382,0.01601953154451253,2000,2000
