corr_etoe,error,Nseed,Nsample
0.8938311884268143,0.029008845954497296,2000,2000
