bulk_corr,error,tot_seed,sample
0.0007506700211072293,3.716750453378256e-05,1800,449024
