bulk_corr,error,tot_seed,sample
0.2074596923499494,0.0007078329514089276,3000,96000
