bulk_corr,error,tot_seed,sample
0.09750983023037105,0.00018848224592848533,3000,96000
