bulk_corr,error,tot_seed,sample
0.02407241078789291,0.00013108661867972468,2700,268800
