corr_etoe,error,Nseed,Nsample
0.3552510539158077,0.012134782952063399,3000,3000
