bulk_corr,error,tot_seed,sample
0.00010906178206679918,1.973323176911302e-05,1800,451584
