bulk_corr,error,tot_seed,sample
0.2348067940940426,0.0003980128669867787,3000,96000
