bulk_corr,error,tot_seed,sample
0.04557819895534669,0.00024587183354429646,1000,128000
