bulk_corr,error,tot_seed,sample
0.12366448897824232,0.00022909910911680752,2000,128000
