bulk_corr,error,tot_seed,sample
0.00485171100897736,2.667361237940197e-05,1800,460800
