bulk_corr,error,tot_seed,sample
0.00107108224199272,3.9430601764010536e-05,1800,452608
