bulk_corr,error,tot_seed,sample
0.06186315753637828,0.00021486475441701114,1800,115200
