bulk_corr,error,tot_seed,sample
0.08231200443795016,0.00030779872870379167,3000,192000
