corr_etoe,error,Nseed,Nsample
1.0074054181843173,0.0554648836422227,1000,1000
