corr_etoe,error,Nseed,Nsample
1.9946151825532503,0.019568841361090064,3000,3000
