bulk_corr,error,tot_seed,sample
0.09005762874831273,0.00032094802320855735,3000,192000
