bulk_corr,error,tot_seed,sample
0.004415295281536953,7.288409616988913e-05,1000,256000
