bulk_corr,error,tot_seed,sample
0.16185862891287223,0.0009400501966248367,1800,57600
