bulk_corr,error,tot_seed,sample
0.16242148947657042,0.0008940674220607726,2000,64000
