bulk_corr,error,tot_seed,sample
0.21768261609760017,0.0007072539924633755,3000,96000
