bulk_corr,error,tot_seed,sample
0.02055927862396131,8.692567990410787e-05,900,230400
