bulk_corr,error,tot_seed,sample
0.24068242658062708,0.000702441525777648,3000,96000
