corr_etoe,error,Nseed,Nsample
0.1992909403214953,0.02095488872528563,1000,1000
