corr_etoe,error,Nseed,Nsample
0.754315455363468,0.015748914860657846,1000,1000
