corr_etoe,error,Nseed,Nsample
0.8675400475193402,0.017054657975510916,1000,1000
