corr_etoe,error,Nseed,Nsample
1.1579261776691898,0.019179029989796734,1000,1000
