corr_etoe,error,Nseed,Nsample
0.8296755785542789,0.02509247220588154,1000,1000
