corr_etoe,error,Nseed,Nsample
0.4294118031339148,0.015487319891873273,1000,1000
