corr_etoe,error,Nseed,Nsample
0.5693147931243056,0.015298934836884095,1000,1000
