corr_etoe,error,Nseed,Nsample
0.3911888862435002,0.026065607601081425,1000,1000
