bulk_corr,error,tot_seed,sample
-0.0008420897885484738,2.2985683765819285e-05,1800,230400
