ZL,error,Nseed,Nsample
0.5021850015911876,0.0063442377868609115,3000.0,3000.0
