ZL,error,Nseed,Nsample
0.5065849062993093,0.0071190963296212766,3000.0,3000.0
