ZL,error,Nseed,Nsample
0.4935361206098732,0.012738425907221662,1000.0,1000.0
