ZL,error,Nseed,Nsample
0.4833202726616455,0.004962852509177069,3000.0,3000.0
