bulk_corr,error,tot_seed,sample
0.12562135041193626,0.00028112292072981224,1800,115200
