bulk_corr,error,tot_seed,sample
0.029847197248160325,0.00014428816639844001,2500,320000
