bulk_corr,error,tot_seed,sample
0.161185847027336,0.0006502402504319285,1800,57600
