bulk_corr,error,tot_seed,sample
0.0031076773635798837,2.2505479697944675e-05,1800,460800
