bulk_corr,error,tot_seed,sample
0.004550427832076759,7.655835775481515e-05,1000,256000
