bulk_corr,error,tot_seed,sample
0.1672792339005556,0.000367892042254869,1800,57600
