corr_etoe,error,Nseed,Nsample
2.3579919743102717,0.010784116254253934,3000,3000
