bulk_corr,error,tot_seed,sample
0.039532490653501964,0.00015445372841539588,1800,115200
