corr_etoe,error,Nseed,Nsample
0.6557737627429434,0.011971491143694241,3000,3000
