corr_etoe,error,Nseed,Nsample
0.47264672457870144,0.010260052216774456,3000,3000
