bulk_corr,error,tot_seed,sample
0.006571957504279316,8.772592912072012e-05,900,172800
