bulk_corr,error,tot_seed,sample
0.006666714984691691,8.470419084997003e-05,1000,192000
