bulk_corr,error,tot_seed,sample
0.017041754697505636,8.165278875505351e-05,1800,115200
