bulk_corr,error,tot_seed,sample
0.22369796232582917,0.0003993629750735942,3000,96000
