bulk_corr,error,tot_seed,sample
0.12693267499969454,0.0008135774635808694,1800,57600
