bulk_corr,error,tot_seed,sample
0.12641172202373896,0.0007732667409812585,2000,64000
