bulk_corr,error,tot_seed,sample
-5.316173544217035e-05,4.2764676021001e-06,900,230400
