bulk_corr,error,tot_seed,sample
-5.798550761973993e-05,4.090695248525926e-06,1000,256000
