bulk_corr,error,tot_seed,sample
0.01100445129169498,0.00012578441986008768,1000,177619
