bulk_corr,error,tot_seed,sample
0.1079140396851804,0.0003263915321291184,3000,192000
