corr_etoe,error,Nseed,Nsample
0.6936139990836563,0.015078392867191426,2000,2000
