corr_etoe,error,Nseed,Nsample
0.5071298109418967,0.014885532582398936,2000,2000
