bulk_corr,error,tot_seed,sample
0.012787408478449478,0.00012791572052710368,1000,192009
