bulk_corr,error,tot_seed,sample
0.09897911146770175,0.0006016894700980134,2000,64000
