bulk_corr,error,tot_seed,sample
0.09766686305883027,0.00063096899230573,1800,57600
