bulk_corr,error,tot_seed,sample
0.02827505520126403,0.00014015730020559166,1000,128000
