bulk_corr,error,tot_seed,sample
-7.153008099057318e-05,3.3685859424212404e-06,900,230400
