bulk_corr,error,tot_seed,sample
-6.964036499194477e-05,3.192722076004345e-06,1000,256000
