bulk_corr,error,tot_seed,sample
0.28040031746731453,0.0007974203123529719,2000,64000
