bulk_corr,error,tot_seed,sample
0.020663214719910204,0.00014606049566065488,1000,192019
