bulk_corr,error,tot_seed,sample
0.14293046970448176,0.0004079274704719847,900,57600
