bulk_corr,error,tot_seed,sample
0.08999015441372105,0.0005143762478900416,2000,64000
