bulk_corr,error,tot_seed,sample
0.08972647554362906,0.0005411764407920429,1800,57600
