corr_etoe,error,Nseed,Nsample
0.1489631875687518,0.011040699912215329,1000,1000
