bulk_corr,error,tot_seed,sample
0.2069958490047773,0.0007122132785945473,3000,96000
