bulk_corr,error,tot_seed,sample
0.02016536997864755,9.366523444322568e-05,1800,230400
