bulk_corr,error,tot_seed,sample
0.20040575283935022,0.0007257903779692295,3000,96000
