bulk_corr,error,tot_seed,sample
0.2330388375341387,0.0007090802180416007,3000,96000
