bulk_corr,error,tot_seed,sample
0.14069584685255712,0.0002424484746674645,3000,96000
