bulk_corr,error,tot_seed,sample
0.08362154628272814,0.00039579866161436973,2000,128000
