bulk_corr,error,tot_seed,sample
0.011897241341076828,6.712429533182914e-05,2000,512000
