bulk_corr,error,tot_seed,sample
0.011807808995111756,7.085376471553439e-05,1800,460800
