bulk_corr,error,tot_seed,sample
0.024810732533034726,8.673513398407643e-05,1800,230400
