bulk_corr,error,tot_seed,sample
0.02869963052448825,0.00013642929963099512,1000,128000
