bulk_corr,error,tot_seed,sample
0.01926511432808832,0.0001278944828545674,1800,230400
