bulk_corr,error,tot_seed,sample
0.01934344193479676,0.00012122296499660561,2000,256000
