bulk_corr,error,tot_seed,sample
0.001799843303735832,3.63908676653252e-05,900,230400
