bulk_corr,error,tot_seed,sample
0.0018475479016114961,3.413116333876825e-05,1000,256000
