bulk_corr,error,tot_seed,sample
0.22226077965970323,0.0007260574738860357,3000,96000
