bulk_corr,error,tot_seed,sample
0.017291268933562344,6.923992461557548e-05,1800,230400
