bulk_corr,error,tot_seed,sample
0.009969776847698179,6.635263893126975e-05,2000,512000
