bulk_corr,error,tot_seed,sample
0.009941351284163602,6.996267068190356e-05,1800,460800
