bulk_corr,error,tot_seed,sample
0.2183422159116407,0.0007229843457998338,3000,96000
