bulk_corr,error,tot_seed,sample
0.0574264440424231,0.00019039080404941285,900,115200
