bulk_corr,error,tot_seed,sample
0.06590451106855323,0.00022903108944202397,900,115200
