corr_etoe,error,Nseed,Nsample
1.3447330737660566,0.01312077113144299,3000,3000
