bulk_corr,error,tot_seed,sample
0.07484887300529501,0.00032027497035335176,3000,192000
