bulk_corr,error,tot_seed,sample
0.13768406480942463,0.000532184472457193,1800,57600
