bulk_corr,error,tot_seed,sample
0.1378945691929944,0.0005055571591122018,2000,64000
