bulk_corr,error,tot_seed,sample
0.048920392190323646,0.0002904886612378741,2000,128000
