bulk_corr,error,tot_seed,sample
0.048633236559436084,0.000305118059713031,1800,115200
