bulk_corr,error,tot_seed,sample
0.19562220501847155,0.0007091084679471953,3000,96000
