corr_etoe,error,Nseed,Nsample
0.3910072773569147,0.02269295923611013,1000,1000
