corr_etoe,error,Nseed,Nsample
0.06021129025228308,0.0074518199696386915,1000,1000
