bulk_corr,error,tot_seed,sample
0.19403350886648563,0.0007170756314706679,3000,96000
