bulk_corr,error,tot_seed,sample
0.06226447396008337,0.0002324226760337735,1000,128000
