bulk_corr,error,tot_seed,sample
0.14077092120566242,0.00037687694012695887,2000,128000
