bulk_corr,error,tot_seed,sample
0.016086151190486984,0.00017863777052622514,3000,128000
