bulk_corr,error,tot_seed,sample
0.06979560935333066,0.0002945511191359562,3000,192000
