bulk_corr,error,tot_seed,sample
0.0070815452868801835,8.417701361159508e-05,2000,256000
