bulk_corr,error,tot_seed,sample
0.0069608243602439146,8.787583256934918e-05,1800,230400
