bulk_corr,error,tot_seed,sample
0.05232878332833012,0.00017627419974828288,2000,256000
