bulk_corr,error,tot_seed,sample
0.11625813407896944,0.0008642475798476686,1800,57600
