bulk_corr,error,tot_seed,sample
0.1035279470422307,0.00045911392026606364,1800,57600
