bulk_corr,error,tot_seed,sample
0.015495873333761555,7.118071002779705e-05,2000,512000
