bulk_corr,error,tot_seed,sample
0.010685959508389686,5.1730618352910834e-05,1800,230400
