bulk_corr,error,tot_seed,sample
0.012183313652802995,7.998961646710474e-05,900,115200
