bulk_corr,error,tot_seed,sample
0.06762809380058636,0.00030721569077021225,3000,192000
