bulk_corr,error,tot_seed,sample
0.016288364998354666,0.00013556467176618683,1000,192025
