bulk_corr,error,tot_seed,sample
0.06925190388807581,0.00031305838388274944,3000,192000
