corr_etoe,error,Nseed,Nsample
1.9214644099615295,0.011462086555174729,3000,3000
