bulk_corr,error,tot_seed,sample
0.13735472633093862,0.00035166738011914336,1800,115200
