corr_etoe,error,Nseed,Nsample
1.236865127228923,0.012886455277468185,3000,3000
