bulk_corr,error,tot_seed,sample
0.12053666366586317,0.000322196540465457,1800,57600
