bulk_corr,error,tot_seed,sample
0.024235114819728128,0.00013314997880912985,3000,303488
