bulk_corr,error,tot_seed,sample
0.013325045168863695,0.0001394453753813611,1800,230400
