bulk_corr,error,tot_seed,sample
0.03674989788089759,0.0002421007975898013,1000,128000
