bulk_corr,error,tot_seed,sample
0.11224575283257193,0.0003650335139781901,2000,64000
