bulk_corr,error,tot_seed,sample
0.11234703958320037,0.0003840868577757376,1800,57600
