corr_etoe,error,Nseed,Nsample
0.9875053826476058,0.023508048330300662,1000,1000
