corr_etoe,error,Nseed,Nsample
0.5945194290138593,0.028633362411595437,1000,1000
