corr_etoe,error,Nseed,Nsample
0.4506969343984987,0.02360861448710117,1000,1000
