bulk_corr,error,tot_seed,sample
0.010046624544259284,0.00012872060388906153,1800,230016
