bulk_corr,error,tot_seed,sample
0.0033478494251580762,1.905599296206845e-05,2000,512000
