bulk_corr,error,tot_seed,sample
0.0032990307775159094,1.9901208420294466e-05,1800,460800
