bulk_corr,error,tot_seed,sample
0.10871498064237715,0.00036297304628303507,1800,115200
