bulk_corr,error,tot_seed,sample
-0.002032372065158549,7.088823769541636e-05,1800,115200
