bulk_corr,error,tot_seed,sample
0.1990237714884387,0.0007358994831236819,3000,96000
