bulk_corr,error,tot_seed,sample
0.1018480004648673,0.00019304632478737754,3000,96000
