bulk_corr,error,tot_seed,sample
0.023074190666651024,0.0001524665462390846,2000,256000
