bulk_corr,error,tot_seed,sample
0.019056679964320464,8.657287087747468e-05,900,230400
