corr_etoe,error,Nseed,Nsample
0.1983787722365917,0.009989571643300355,2000,2000
