corr_etoe,error,Nseed,Nsample
0.06547499081765337,0.007952318343772939,1000,1000
