bulk_corr,error,tot_seed,sample
0.006660093704798002,5.183978677667387e-05,1800,230400
