bulk_corr,error,tot_seed,sample
0.11040963346899821,0.0008853031642875827,1800,57600
