bulk_corr,error,tot_seed,sample
0.30318834510339054,0.0009759779220466715,900,28800
