bulk_corr,error,tot_seed,sample
0.019312412682042392,0.00012255257922264197,3000,294400
