bulk_corr,error,tot_seed,sample
0.07662091828259757,0.00027782413398459526,1800,115200
