corr_etoe,error,Nseed,Nsample
1.4800393833510255,0.013974434974547038,3000,3000
