bulk_corr,error,tot_seed,sample
0.05910044320824966,0.00019487902834121782,900,115200
