corr_etoe,error,Nseed,Nsample
0.07126481470987653,0.008495695360163797,1000,1000
