bulk_corr,error,tot_seed,sample
0.04666125241247378,0.00017478612643317802,1800,230400
