bulk_corr,error,tot_seed,sample
0.015932073879419997,0.00010079428136911647,900,230400
