bulk_corr,error,tot_seed,sample
0.011935888029418926,5.454068410595787e-05,900,230400
