bulk_corr,error,tot_seed,sample
0.29306642120915993,0.0006804897831325224,1000,32000
