ZL,error,Nseed,Nsample
0.8203671357581529,0.0005067486404453947,3000.0,3000.0
