ZL,error,Nseed,Nsample
0.8936746033720009,0.0004024485307488987,3000.0,3000.0
