ZL,error,Nseed,Nsample
0.9406606425863007,0.00037955352517986306,1000.0,1000.0
