ZL,error,Nseed,Nsample
0.9236277155402411,0.0002835081458435922,3000.0,3000.0
