bulk_corr,error,tot_seed,sample
0.011504376940591067,0.00017765858207819557,1800,115200
