bulk_corr,error,tot_seed,sample
0.03507655435132435,0.00020536133232109096,1800,115200
