bulk_corr,error,tot_seed,sample
0.019123718297346694,0.00025740076820691076,1800,115200
