bulk_corr,error,tot_seed,sample
0.006457335992170771,4.770279789093984e-05,1000,256000
