corr_etoe,error,Nseed,Nsample
0.21230097509489448,0.023242137038675326,1000,1000
