bulk_corr,error,tot_seed,sample
0.06387184997583265,0.00017773421336144548,1800,230400
