bulk_corr,error,tot_seed,sample
0.013966995737618957,5.397124656707052e-05,1000,256000
