bulk_corr,error,tot_seed,sample
0.17588031406888907,0.0008843793086755395,2000,64000
