bulk_corr,error,tot_seed,sample
0.17649544014776067,0.0009335609498845202,1800,57600
