bulk_corr,error,tot_seed,sample
0.02020555984023582,0.00011172668460298682,1800,230400
