bulk_corr,error,tot_seed,sample
0.00038932566327661933,2.4365362261463995e-05,1800,230400
