bulk_corr,error,tot_seed,sample
0.004409660971094186,3.766080693676184e-05,1800,460800
