bulk_corr,error,tot_seed,sample
0.15034258066295067,0.0004510193700370056,900,57600
