bulk_corr,error,tot_seed,sample
0.021847205321253962,0.00024442034035237055,1500,89600
