bulk_corr,error,tot_seed,sample
0.14094950694833286,0.00044545130051439004,900,57600
