bulk_corr,error,tot_seed,sample
0.002202183985746969,4.7225198141189406e-05,1800,459520
