ZL,error,Nseed,Nsample
0.8932699596449033,0.0012699727380590723,3000.0,3000.0
