ZL,error,Nseed,Nsample
0.8542491293226788,0.0013240793986758791,3000.0,3000.0
