ZL,error,Nseed,Nsample
0.7681680219989179,0.0013091385710572512,3000.0,3000.0
