ZL,error,Nseed,Nsample
0.9137689659737444,0.0014123694911354452,3000.0,3000.0
