bulk_corr,error,tot_seed,sample
0.004081057792940596,4.119052602277348e-05,1000,256000
