bulk_corr,error,tot_seed,sample
0.14926016968016587,0.00039730553887139437,1000,64000
