bulk_corr,error,tot_seed,sample
0.016301185145761087,0.00013415555903189036,1000,192032
