bulk_corr,error,tot_seed,sample
0.07349772039929019,0.00020564309657531264,1800,115200
