bulk_corr,error,tot_seed,sample
0.020793322937669098,7.183692170120148e-05,1800,460800
