bulk_corr,error,tot_seed,sample
0.021543196535451906,7.454216694422245e-05,2000,512000
