bulk_corr,error,tot_seed,sample
0.21456167557536684,0.0007273841406520003,3000,96000
