bulk_corr,error,tot_seed,sample
0.18674041181572978,0.0007113189022578113,3000,96000
