bulk_corr,error,tot_seed,sample
0.29054217048047626,0.0007566965957135598,1800,57600
