bulk_corr,error,tot_seed,sample
0.018199606210432828,6.785463996504735e-05,900,230400
