bulk_corr,error,tot_seed,sample
0.05682081083852415,0.0001736493419734074,2000,256000
