bulk_corr,error,tot_seed,sample
0.0028432966197205175,7.581652506629964e-05,1800,230400
