bulk_corr,error,tot_seed,sample
0.0003821056960294196,1.475496673960404e-05,1800,230400
