bulk_corr,error,tot_seed,sample
0.03796210486373941,0.00014700883536036268,1800,230400
