bulk_corr,error,tot_seed,sample
0.01703233165932272,9.274098277643147e-05,900,230400
