bulk_corr,error,tot_seed,sample
0.10800109352197418,0.0004031111572519809,2000,128000
