bulk_corr,error,tot_seed,sample
0.0028647885197007374,3.6419286958123535e-05,900,230400
