bulk_corr,error,tot_seed,sample
0.1357979126864207,0.0003147471547337931,1800,115200
