bulk_corr,error,tot_seed,sample
0.13518943170708486,0.0002988960369840143,2000,128000
