bulk_corr,error,tot_seed,sample
0.1033566273086418,0.00033299031740534693,3000,192000
