bulk_corr,error,tot_seed,sample
0.10954245092452274,0.0003259885774271166,3000,192000
