bulk_corr,error,tot_seed,sample
0.0036143184804428605,6.800505750253305e-05,1800,115200
