bulk_corr,error,tot_seed,sample
0.04294267106086512,0.0001731558257193983,2000,256000
