bulk_corr,error,tot_seed,sample
0.0002010383206177113,2.244146719827189e-05,1800,230400
