bulk_corr,error,tot_seed,sample
0.15885821117677953,0.0002632067570105251,3000,96000
