bulk_corr,error,tot_seed,sample
0.00637284881290079,0.00011328478705487128,1800,115200
