bulk_corr,error,tot_seed,sample
0.0070582243683508785,6.0930483149315085e-05,2000,512000
