bulk_corr,error,tot_seed,sample
0.021503787950925023,0.00013552571502081009,1800,230400
