bulk_corr,error,tot_seed,sample
0.021712753236033312,0.00012849416791272186,2000,256000
