bulk_corr,error,tot_seed,sample
0.04782473688888613,0.00017576874792490563,2000,256000
