bulk_corr,error,tot_seed,sample
0.18065423455331173,0.000705460210417227,3000,96000
