bulk_corr,error,tot_seed,sample
0.07848868690882045,0.00030396004521208905,3000,192000
