bulk_corr,error,tot_seed,sample
0.08638149202226056,0.00032215767294374397,3000,192000
