bulk_corr,error,tot_seed,sample
0.14562021072104003,0.00032067207495466697,1800,115200
