bulk_corr,error,tot_seed,sample
0.14644984427416666,0.00030381774561153915,2000,128000
