bulk_corr,error,tot_seed,sample
0.23135394786460933,0.00047391974297148035,1800,57600
