bulk_corr,error,tot_seed,sample
0.06914503888420623,0.0003084396700454637,3000,192000
