bulk_corr,error,tot_seed,sample
0.2511790097518927,0.0008079553259420564,1800,57600
