bulk_corr,error,tot_seed,sample
0.10763718743889124,0.0006857433079587202,1800,57600
