bulk_corr,error,tot_seed,sample
0.020544994303944318,7.196265466009716e-05,1800,456192
