bulk_corr,error,tot_seed,sample
0.020571666721639216,6.825363629814888e-05,2000,507392
