bulk_corr,error,tot_seed,sample
0.021457692472035068,7.478274060272578e-05,1800,230400
