bulk_corr,error,tot_seed,sample
0.02137497258556371,7.047342636525865e-05,2000,256000
