bulk_corr,error,tot_seed,sample
0.041839961687080235,0.00015289720363653728,1800,230400
