bulk_corr,error,tot_seed,sample
0.057351292436531254,0.00021407182045031525,900,115200
