bulk_corr,error,tot_seed,sample
0.028190393242249666,0.00015179564427462142,1000,192006
