bulk_corr,error,tot_seed,sample
0.009892400924881944,0.0001262057079605576,1800,230400
