bulk_corr,error,tot_seed,sample
0.02241233802127801,9.609553383567088e-05,1800,230400
