bulk_corr,error,tot_seed,sample
0.0011441180549873467,3.469009098377529e-05,1800,460288
