bulk_corr,error,tot_seed,sample
0.001203129169188015,3.316910117802878e-05,2000,511488
