bulk_corr,error,tot_seed,sample
0.016569579089391457,7.261028622143995e-05,2000,512000
