ZL,error,Nseed,Nsample
-0.489442904371262,0.0038786751842122447,3000.0,3000.0
