ZL,error,Nseed,Nsample
-0.7288682965999489,0.004870209140766405,3000.0,3000.0
