ZL,error,Nseed,Nsample
-0.7650786655612334,0.008656897587246826,1000.0,1000.0
