ZL,error,Nseed,Nsample
-0.6691266338096751,0.004131560839321577,3000.0,3000.0
