bulk_corr,error,tot_seed,sample
0.04907931982194413,0.00015597614390615885,1800,115200
