ZL,error,Nseed,Nsample
0.8129906375867674,0.0008333020184222922,3000.0,3000.0
