ZL,error,Nseed,Nsample
0.9183764814979035,0.00045183646905827676,3000.0,3000.0
