ZL,error,Nseed,Nsample
0.8862358688730098,0.0005665324658790095,3000.0,3000.0
