ZL,error,Nseed,Nsample
0.9359272462601627,0.0003567223177403016,3000.0,3000.0
