corr_etoe,error,Nseed,Nsample
0.10138849849548477,0.009157397448701721,1000,1000
