corr_etoe,error,Nseed,Nsample
1.0204731454689049,0.013849422524204158,2000,2000
