corr_etoe,error,Nseed,Nsample
1.2793833775309442,0.008612411342504732,2000,2000
