corr_etoe,error,Nseed,Nsample
0.58952461004678,0.024116981854000907,1000,1000
