corr_etoe,error,Nseed,Nsample
0.2476002408314235,0.021527115757609558,1000,1000
