bulk_corr,error,tot_seed,sample
0.007669771220034329,0.00012167464595964873,1000,115200
