bulk_corr,error,tot_seed,sample
0.2836623464504034,0.0007227021679248517,1000,32000
