bulk_corr,error,tot_seed,sample
0.0061144935264981215,3.385523859820259e-05,1800,460800
