bulk_corr,error,tot_seed,sample
0.09344056335043943,0.00021715723847914086,2000,128000
