bulk_corr,error,tot_seed,sample
0.09377656692384326,0.00022882938677383548,1800,115200
