corr_etoe,error,Nseed,Nsample
1.5546564701401804,0.013158743746109725,3000,3000
