bulk_corr,error,tot_seed,sample
0.04315816060120773,0.00015395709525615055,1800,115200
