bulk_corr,error,tot_seed,sample
0.1410486394416754,0.00038420029089650064,1800,115200
