bulk_corr,error,tot_seed,sample
0.0011046455236596155,2.0678736607065987e-05,900,230400
