bulk_corr,error,tot_seed,sample
0.009137324879091649,8.929572714155333e-05,1000,256000
