bulk_corr,error,tot_seed,sample
0.011527677674473196,5.2573949569835536e-05,900,230400
