bulk_corr,error,tot_seed,sample
0.10488171446355692,0.00022598462696342102,2000,128000
