bulk_corr,error,tot_seed,sample
0.10396930500778447,0.0002377295890992382,1800,115200
