bulk_corr,error,tot_seed,sample
0.17218031499033554,0.0007239750310300718,3000,96000
