bulk_corr,error,tot_seed,sample
0.026459699715930107,0.0001253753647248764,1800,230400
