bulk_corr,error,tot_seed,sample
0.017492190512922546,9.389132845456355e-05,900,115200
