corr_etoe,error,Nseed,Nsample
0.6155197805168724,0.013008401331699568,3000,3000
