corr_etoe,error,Nseed,Nsample
0.4540406140391394,0.011848493993121332,3000,3000
