bulk_corr,error,tot_seed,sample
0.0017838355964336007,1.632009813143796e-05,1800,460800
