bulk_corr,error,tot_seed,sample
0.030934190730779458,0.00026802796462274073,3000,89600
