bulk_corr,error,tot_seed,sample
0.09226725535224349,0.00032705069440218566,3000,192000
