bulk_corr,error,tot_seed,sample
-5.670359475268673e-05,3.857246839902711e-06,900,230400
