bulk_corr,error,tot_seed,sample
-6.972262694791937e-05,3.670641882413755e-06,1000,255744
