bulk_corr,error,tot_seed,sample
0.061252295462041174,0.00021977842222325772,900,115200
