bulk_corr,error,tot_seed,sample
0.013135560858105797,0.00011405169460688387,1800,115200
