bulk_corr,error,tot_seed,sample
0.05321133441186085,0.0001909135817556079,1800,115200
