bulk_corr,error,tot_seed,sample
0.002222465849026813,7.195454999035866e-05,1800,229888
