bulk_corr,error,tot_seed,sample
0.003692394010406434,7.351283173167597e-05,1000,256000
