corr_etoe,error,Nseed,Nsample
1.798550446755416,0.010474449453439536,3000,3000
