bulk_corr,error,tot_seed,sample
0.034999777161354016,0.0002336065944284105,1800,115200
