corr_etoe,error,Nseed,Nsample
0.9159607992280917,0.013943247968403774,2000,2000
