bulk_corr,error,tot_seed,sample
0.02251011474330106,0.00014090525635766636,1000,192002
