corr_etoe,error,Nseed,Nsample
1.2351924826268814,0.03246018054726849,1000,1000
