corr_etoe,error,Nseed,Nsample
1.602304203033953,0.020694211401810526,1000,1000
