corr_etoe,error,Nseed,Nsample
0.5849580790333572,0.038927669350763625,1000,1000
