corr_etoe,error,Nseed,Nsample
0.28676178218173964,0.035151209168105386,1000,1000
