corr_etoe,error,Nseed,Nsample
0.40256100743535395,0.022560326384497058,1000,1000
