corr_etoe,error,Nseed,Nsample
0.047411434977113955,0.007864298452794674,1000,1000
