corr_etoe,error,Nseed,Nsample
0.01794481859677068,0.004228761083674162,1000,1000
