bulk_corr,error,tot_seed,sample
0.014250145074230922,7.518111678168606e-05,1800,460800
