bulk_corr,error,tot_seed,sample
0.014118899417820562,7.140095365071132e-05,2000,512000
