bulk_corr,error,tot_seed,sample
0.001634178779905519,1.4005179884486764e-05,1800,460800
