bulk_corr,error,tot_seed,sample
0.08763247511823778,0.00034251613477363405,1800,115200
