bulk_corr,error,tot_seed,sample
0.11385539922779972,0.0007450742926608539,2000,64000
