bulk_corr,error,tot_seed,sample
0.11417451174244418,0.0007864912925009841,1800,57600
