bulk_corr,error,tot_seed,sample
0.006161730581952236,4.831731979788513e-05,1000,256000
