bulk_corr,error,tot_seed,sample
0.00982226671642857,3.377997804721854e-05,1800,460800
