bulk_corr,error,tot_seed,sample
0.009858317378167654,3.229887551971452e-05,2000,512000
