bulk_corr,error,tot_seed,sample
0.09607389242598124,0.00018691021761297214,3000,96000
