bulk_corr,error,tot_seed,sample
0.08790160573096491,0.0002824603028105527,1800,115200
