bulk_corr,error,tot_seed,sample
0.2134040382564044,0.0007096694116560081,3000,96000
