bulk_corr,error,tot_seed,sample
0.06188112362937708,0.00017605903732653913,1800,230400
