bulk_corr,error,tot_seed,sample
0.13121083223720073,0.00041253044569102465,1800,115200
