bulk_corr,error,tot_seed,sample
0.21416308801389053,0.0006976616430190731,3000,96000
