bulk_corr,error,tot_seed,sample
0.2164426917039173,0.00069543705801846,3000,96000
