bulk_corr,error,tot_seed,sample
0.05641098297706918,0.00018719101745897298,900,115200
