bulk_corr,error,tot_seed,sample
0.023959031873080815,9.793064666601837e-05,1000,256000
