bulk_corr,error,tot_seed,sample
0.02804058857868997,0.00015061211625426286,1800,230400
