bulk_corr,error,tot_seed,sample
0.02816351147319115,0.00014364241169167162,2000,256000
