bulk_corr,error,tot_seed,sample
0.16794404518698047,0.0006629447112290545,1800,57600
