bulk_corr,error,tot_seed,sample
0.30091655249727384,0.0010733475137572775,900,28800
