bulk_corr,error,tot_seed,sample
0.037847597577998084,0.0003454826444618219,1800,115200
