corr_etoe,error,Nseed,Nsample
0.2008153892333987,0.022103711388445923,1000,1000
