corr_etoe,error,Nseed,Nsample
0.4913819549824076,0.026084694185328647,1000,1000
