corr_etoe,error,Nseed,Nsample
1.2347749675593644,0.015576171475975044,1000,1000
