corr_etoe,error,Nseed,Nsample
0.26955571043814297,0.023685289136170136,1000,1000
