corr_etoe,error,Nseed,Nsample
0.8660348011446503,0.024475926868427356,1000,1000
