bulk_corr,error,tot_seed,sample
0.02788072923258805,0.00013361585435303327,3000,358400
