bulk_corr,error,tot_seed,sample
0.014577480779497946,0.0001350492516732084,2000,256000
