bulk_corr,error,tot_seed,sample
0.014671018927073433,0.000142439559925159,1800,230400
