ZL,error,Nseed,Nsample
0.5917723590693214,0.009176473110149273,1000.0,1000.0
