ZL,error,Nseed,Nsample
0.5240212874384687,0.004077498639515321,3000.0,3000.0
