ZL,error,Nseed,Nsample
0.4061509775709158,0.0037169362189201204,3000.0,3000.0
