ZL,error,Nseed,Nsample
0.5746636875559622,0.004758415554648744,3000.0,3000.0
