bulk_corr,error,tot_seed,sample
-0.0002956027090761174,1.5538691009247614e-05,1800,230400
