bulk_corr,error,tot_seed,sample
0.036728888571505844,0.00016195835540229293,3000,281600
