bulk_corr,error,tot_seed,sample
0.07984264964420096,0.0003098542055420729,3000,192000
