bulk_corr,error,tot_seed,sample
0.07503485048795065,0.0003051691963767661,3000,192000
