bulk_corr,error,tot_seed,sample
0.030328316728017966,0.0001581702564065386,3000,243200
