bulk_corr,error,tot_seed,sample
0.003283921172519381,5.437286404311671e-05,1800,451840
