bulk_corr,error,tot_seed,sample
0.003409809322209832,5.164003005863163e-05,2000,503040
