bulk_corr,error,tot_seed,sample
0.15495922418550998,0.000724411813173878,3000,96000
