bulk_corr,error,tot_seed,sample
-6.686165362048006e-05,3.371437252923068e-06,900,230400
