bulk_corr,error,tot_seed,sample
-6.491439817589206e-05,3.1479976382155113e-06,1000,256000
