bulk_corr,error,tot_seed,sample
0.10355843636120983,0.00032362470518056125,3000,192000
