bulk_corr,error,tot_seed,sample
-2.394233835455114e-05,4.416786150205165e-06,1000,256000
