bulk_corr,error,tot_seed,sample
-3.1623167371663084e-05,4.876814126871848e-06,900,230400
