bulk_corr,error,tot_seed,sample
0.1356745045473668,0.00038253873358362503,2000,128000
