bulk_corr,error,tot_seed,sample
0.0677359507969463,0.00020989681158983,1800,115200
