bulk_corr,error,tot_seed,sample
0.08799863108050134,0.0003241372751818296,3000,192000
