bulk_corr,error,tot_seed,sample
0.016404006466802807,0.00014204816470439875,1000,192032
