bulk_corr,error,tot_seed,sample
0.13326825285152352,0.00038677837311244085,2000,128000
