bulk_corr,error,tot_seed,sample
0.0020138531169733268,2.0893919830981878e-05,1800,460800
