bulk_corr,error,tot_seed,sample
0.1213115240193526,0.000716882686741164,2000,64000
