bulk_corr,error,tot_seed,sample
0.12166636419442016,0.000756177241209173,1800,57600
