bulk_corr,error,tot_seed,sample
0.31278426650776775,0.0009833762753393225,900,28800
