bulk_corr,error,tot_seed,sample
0.02524121278745516,0.00022077515183873282,1800,115200
