ZL,error,Nseed,Nsample
0.5466152451311549,0.00530460631007469,3000.0,3000.0
