ZL,error,Nseed,Nsample
0.6122575296445631,0.00879309148429618,3000.0,3000.0
