ZL,error,Nseed,Nsample
0.6076558350347404,0.0080947992729596,3000.0,3000.0
