ZL,error,Nseed,Nsample
0.5877057322808346,0.0071826579161754864,3000.0,3000.0
