bulk_corr,error,tot_seed,sample
0.03489536860729036,0.00012043262310937362,3000,320000
