bulk_corr,error,tot_seed,sample
-3.7937351927140065e-05,5.531167083858854e-06,800,177554
