bulk_corr,error,tot_seed,sample
-9.589534216455192e-05,7.417393076504176e-06,300,67912
