bulk_corr,error,tot_seed,sample
0.024149707650322677,9.781267689077157e-05,1000,256000
