bulk_corr,error,tot_seed,sample
0.007211424684576611,0.00010439701977780772,1800,115200
