ZL,error,Nseed,Nsample
0.10877892525803289,0.010237619829813444,3000.0,3000.0
