ZL,error,Nseed,Nsample
0.0750402022733133,0.01097106658903157,3000.0,3000.0
