ZL,error,Nseed,Nsample
0.1521941955883518,0.009195667174622038,3000.0,3000.0
