ZL,error,Nseed,Nsample
0.2777411410316192,0.006983042314695211,3000.0,3000.0
