bulk_corr,error,tot_seed,sample
0.13454832378976586,0.00038663010669283036,1800,115200
