bulk_corr,error,tot_seed,sample
0.14509570031617558,0.0006848293808586375,2000,64000
