bulk_corr,error,tot_seed,sample
0.14480859184593978,0.0007210997014912444,1800,57600
