bulk_corr,error,tot_seed,sample
0.02050186980674486,8.919152510424244e-05,900,230400
