bulk_corr,error,tot_seed,sample
0.18923057477485333,0.0004708488627405409,1800,57600
