bulk_corr,error,tot_seed,sample
0.014001818146923813,7.362318761199827e-05,1000,192000
