bulk_corr,error,tot_seed,sample
0.013231302754964458,5.1927631390648734e-05,1000,256000
