bulk_corr,error,tot_seed,sample
0.001362087374786246,3.71610400827477e-05,2000,256000
