bulk_corr,error,tot_seed,sample
0.0013823657113377116,3.9837498965838616e-05,1800,230400
