bulk_corr,error,tot_seed,sample
0.18354569380747976,0.00048382215327858786,1800,57600
