bulk_corr,error,tot_seed,sample
0.09372092185647075,0.0003269611957484591,3000,192000
