bulk_corr,error,tot_seed,sample
0.020688273064669426,7.737293908828461e-05,900,230400
