bulk_corr,error,tot_seed,sample
0.23381149074666838,0.0007061367093329586,3000,96000
