bulk_corr,error,tot_seed,sample
0.1567475090636012,0.0008931663723491051,2000,64000
