bulk_corr,error,tot_seed,sample
0.15682214751686066,0.0009422904446437872,1800,57600
