bulk_corr,error,tot_seed,sample
0.23558907102227378,0.0006934389953427733,3000,96000
