bulk_corr,error,tot_seed,sample
0.11387944546645691,0.0005886961542523106,900,57600
