bulk_corr,error,tot_seed,sample
0.0038579216763936926,2.2840526697739708e-05,1800,460800
