bulk_corr,error,tot_seed,sample
0.05866537639512885,0.00021653442884733375,900,115200
