bulk_corr,error,tot_seed,sample
0.022067343625705154,0.00015084964843859578,2000,256000
