bulk_corr,error,tot_seed,sample
-0.000655470220303369,1.664415593123471e-05,1800,230400
