corr_etoe,error,Nseed,Nsample
0.3081723966785044,0.01900790995940384,1000,1000
