corr_etoe,error,Nseed,Nsample
0.46741146446718146,0.013058147855158058,3000,3000
