bulk_corr,error,tot_seed,sample
0.03822550786809118,0.0002484162103960614,1000,128000
