bulk_corr,error,tot_seed,sample
0.031080156778698766,0.0001336173406722164,3000,371200
