bulk_corr,error,tot_seed,sample
0.2873201450713774,0.0007715208322741996,2000,64000
