bulk_corr,error,tot_seed,sample
0.0007735444595277275,3.946321649843019e-05,1800,447232
