bulk_corr,error,tot_seed,sample
0.010316570027564037,9.371509703836903e-05,1000,256000
