bulk_corr,error,tot_seed,sample
0.03218778393820904,0.0002986567646335496,1800,115200
