bulk_corr,error,tot_seed,sample
0.0321744188390615,0.00028223882130719503,2000,128000
