bulk_corr,error,tot_seed,sample
0.13858568101561627,0.0007129741653578753,1800,57600
