bulk_corr,error,tot_seed,sample
0.13986708818863863,0.0006801461876590487,2000,64000
