bulk_corr,error,tot_seed,sample
0.08518451138729215,0.0002360722458783441,1800,57600
