bulk_corr,error,tot_seed,sample
0.012961144989556597,6.922066402252759e-05,2000,512000
