bulk_corr,error,tot_seed,sample
0.07532184061569733,0.00030458783433544144,1800,115200
