bulk_corr,error,tot_seed,sample
0.017483131084477795,0.00011921365343633988,1800,115200
