bulk_corr,error,tot_seed,sample
0.023503712177264106,9.588961373773365e-05,1000,256000
