bulk_corr,error,tot_seed,sample
4.2776896639295755e-05,3.5181317127896656e-06,1800,460800
