ZL,error,Nseed,Nsample
0.002791284050624697,0.003858569730136073,3000.0,3000.0
