ZL,error,Nseed,Nsample
0.004274915033674667,0.0037754626597467293,3000.0,3000.0
