ZL,error,Nseed,Nsample
-0.004768803215018515,0.0038380011506609166,3000.0,3000.0
