ZL,error,Nseed,Nsample
-0.001943339921207909,0.006441395031235876,1000.0,1000.0
