corr_etoe,error,Nseed,Nsample
2.166582540405203,0.015946291706002647,3000,3000
