corr_etoe,error,Nseed,Nsample
0.9583429455441661,0.039950160716876244,2000,2000
