bulk_corr,error,tot_seed,sample
0.1682528134347337,0.00036534050900833474,1800,57152
