bulk_corr,error,tot_seed,sample
0.016671791672707652,0.00010494939271374679,900,230400
