corr_etoe,error,Nseed,Nsample
0.875544289547019,0.020114508424681647,2000,2000
