corr_etoe,error,Nseed,Nsample
1.1210201790892351,0.019428149770542972,2000,2000
