bulk_corr,error,tot_seed,sample
0.10537936920862175,0.00046567722488331483,2000,64000
