bulk_corr,error,tot_seed,sample
0.10540852036956343,0.0004888637306487204,1800,57600
