bulk_corr,error,tot_seed,sample
-5.106499946636444e-05,4.237613898480545e-06,900,230400
