bulk_corr,error,tot_seed,sample
-5.505181979322836e-05,3.9300557939848155e-06,1000,256000
