bulk_corr,error,tot_seed,sample
0.19708688446739037,0.0004059956509962751,3000,96000
