bulk_corr,error,tot_seed,sample
0.2523300748818882,0.0007472299873898725,1800,57600
