bulk_corr,error,tot_seed,sample
0.051763130347226426,0.000278453849656698,1800,115200
