bulk_corr,error,tot_seed,sample
0.17964790079051562,0.000658267939870752,1800,57600
