bulk_corr,error,tot_seed,sample
0.009860713214800258,7.281307106202982e-05,1000,192000
