corr_etoe,error,Nseed,Nsample
0.3834938721910554,0.02813205329189074,1000,1000
