corr_etoe,error,Nseed,Nsample
0.15673560860562072,0.023456881798115815,1000,1000
