corr_etoe,error,Nseed,Nsample
1.2495207829953148,0.017274517759084267,1000,1000
