corr_etoe,error,Nseed,Nsample
0.8917468964050369,0.025766231307070602,1000,1000
