ZL,error,Nseed,Nsample
-0.7021160136431114,0.009299072062727058,1000.0,1000.0
