ZL,error,Nseed,Nsample
-0.5835260734300066,0.004305482549473355,3000.0,3000.0
