ZL,error,Nseed,Nsample
-0.3624369467536631,0.004800528500204975,3000.0,3000.0
