ZL,error,Nseed,Nsample
-0.6618701961498398,0.004815410433708579,3000.0,3000.0
