bulk_corr,error,tot_seed,sample
0.02253336869086469,7.447858496801198e-05,1800,460800
