bulk_corr,error,tot_seed,sample
-2.961751371827239e-05,4.989202966663545e-06,900,230400
