bulk_corr,error,tot_seed,sample
-3.304247151738208e-05,4.722635795830108e-06,1000,256000
