bulk_corr,error,tot_seed,sample
0.22709848896045057,0.0007182049951286962,3000,96000
