bulk_corr,error,tot_seed,sample
0.07390425300170368,0.0003917350780092757,2000,128000
