bulk_corr,error,tot_seed,sample
0.021374679555624974,7.534877176511275e-05,1800,460800
