bulk_corr,error,tot_seed,sample
0.02134262238926453,7.107776296329126e-05,2000,512000
