bulk_corr,error,tot_seed,sample
0.001052818647393354,3.3176584646085514e-05,1800,230400
