bulk_corr,error,tot_seed,sample
0.24728366036815336,0.0004130365488754113,3000,96000
