bulk_corr,error,tot_seed,sample
0.004923090848499681,4.4832546851724596e-05,1000,256000
