bulk_corr,error,tot_seed,sample
0.08709428838058857,0.00034082745327238234,1800,115200
