ZL,error,Nseed,Nsample
0.011105525287163241,0.00789340673437939,3000.0,3000.0
