ZL,error,Nseed,Nsample
-0.004162719592889684,0.006200381869313061,3000.0,3000.0
