ZL,error,Nseed,Nsample
0.011470421159029014,0.014730649081287496,1000.0,1000.0
