ZL,error,Nseed,Nsample
0.011366882588878711,0.007328340303082555,3000.0,3000.0
