bulk_corr,error,tot_seed,sample
0.025119292402188697,0.0001554961490391444,2000,256000
