bulk_corr,error,tot_seed,sample
0.0022296593003892995,4.3424352389036574e-05,1000,256000
