bulk_corr,error,tot_seed,sample
0.0015637258234659104,1.9703865570707243e-05,1800,460800
