bulk_corr,error,tot_seed,sample
0.018746744900578493,0.00022473400050295115,3000,102400
