bulk_corr,error,tot_seed,sample
0.059020856666745926,0.0001646413355363369,1800,115200
