corr_etoe,error,Nseed,Nsample
0.517491762455113,0.012885151902319198,2000,2000
