corr_etoe,error,Nseed,Nsample
0.3768513019977174,0.012110056727537927,2000,2000
