corr_etoe,error,Nseed,Nsample
0.6854623032895055,0.013973814484315202,2000,2000
