bulk_corr,error,tot_seed,sample
0.14052437663354053,0.0003781077537663454,2000,128000
