bulk_corr,error,tot_seed,sample
0.03878185384109343,0.00013684548516220497,2700,320000
