corr_etoe,error,Nseed,Nsample
1.2556714487810103,0.007991056209152352,2000,2000
