corr_etoe,error,Nseed,Nsample
0.48581669031251,0.021133987941400013,1000,1000
