corr_etoe,error,Nseed,Nsample
1.0711252108307625,0.010580374653928625,2000,2000
