corr_etoe,error,Nseed,Nsample
0.02426465836769244,0.00583980404540106,1000,1000
