corr_etoe,error,Nseed,Nsample
0.28334935665354527,0.02111515442300932,1000,1000
