corr_etoe,error,Nseed,Nsample
0.7288471399211497,0.021055795061655874,1000,1000
