bulk_corr,error,tot_seed,sample
0.0002356532823131404,2.0340464625589476e-05,1800,460800
