bulk_corr,error,tot_seed,sample
0.00023710586548021225,1.919814645078734e-05,2000,512000
