bulk_corr,error,tot_seed,sample
0.14063062312890548,0.000453494070153444,1800,57600
