bulk_corr,error,tot_seed,sample
0.16250379967955908,0.0007250789075376729,3000,96000
