bulk_corr,error,tot_seed,sample
0.029831862475818857,0.00013166817301549656,1800,230400
