bulk_corr,error,tot_seed,sample
0.015460902765862945,0.00010890801676921137,3000,332800
