bulk_corr,error,tot_seed,sample
0.027403665173682947,0.00015942571226224488,2000,256000
