bulk_corr,error,tot_seed,sample
0.027748757880489007,0.00016805859820165781,1800,230400
