bulk_corr,error,tot_seed,sample
0.004855658619191821,2.7235055353574452e-05,1800,460800
