bulk_corr,error,tot_seed,sample
0.025336671894891503,0.00012400336783973003,3000,345600
