bulk_corr,error,tot_seed,sample
0.009794230827734661,6.526371973998063e-05,2000,512000
