corr_etoe,error,Nseed,Nsample
1.9562649397158711,0.020021102616464045,3000,3000
