corr_etoe,error,Nseed,Nsample
0.9990189598157556,0.055079983601342294,1000,1000
