bulk_corr,error,tot_seed,sample
0.014037770551457463,0.0001823232476770347,1500,102400
