corr_etoe,error,Nseed,Nsample
0.30787157838639806,0.020125838153084417,1000,1000
