corr_etoe,error,Nseed,Nsample
1.0080439825833387,0.014448036357119545,2000,2000
