bulk_corr,error,tot_seed,sample
0.1263961206987401,0.0003190601053830262,3000,192000
