bulk_corr,error,tot_seed,sample
0.10362755560713885,0.0003481092215788575,1000,64000
