bulk_corr,error,tot_seed,sample
0.16002859739272576,0.0007155528887656488,3000,96000
