bulk_corr,error,tot_seed,sample
0.021418003680704928,9.291210045643277e-05,900,230400
