bulk_corr,error,tot_seed,sample
1.6712666288367903e-06,3.0919108251143403e-06,1800,460800
