bulk_corr,error,tot_seed,sample
0.03732848706768498,0.00017172146153986184,2000,256000
