bulk_corr,error,tot_seed,sample
-0.0008211960237121201,3.24608264661418e-05,900,115200
