bulk_corr,error,tot_seed,sample
0.000369162736460441,2.957124742577285e-05,1800,455168
