bulk_corr,error,tot_seed,sample
0.1805495925015948,0.0007059199150554488,3000,96000
