bulk_corr,error,tot_seed,sample
0.05906234668239873,0.00017423672543040463,1800,230400
