bulk_corr,error,tot_seed,sample
0.03927810624480972,0.00024319870852109184,1000,128000
