corr_etoe,error,Nseed,Nsample
2.0312498419094696,0.010322999513117085,3000,2905
