corr_etoe,error,Nseed,Nsample
0.4453800327063567,0.02254417526925421,1000,1000
