corr_etoe,error,Nseed,Nsample
0.0733557629226745,0.009676662376013017,1000,1000
