bulk_corr,error,tot_seed,sample
0.16759640060623274,0.0007227180544504031,3000,96000
