bulk_corr,error,tot_seed,sample
0.00410312941338586,5.219662249056872e-05,2000,511744
