bulk_corr,error,tot_seed,sample
0.014393884466477694,6.599945633636903e-05,1800,230400
