bulk_corr,error,tot_seed,sample
0.1561953092320932,0.0007247152481439028,3000,96000
