bulk_corr,error,tot_seed,sample
0.06785370381219617,0.00030973530392360834,3000,192000
