bulk_corr,error,tot_seed,sample
0.2462906366612633,0.0008635390932418425,1800,57600
