bulk_corr,error,tot_seed,sample
0.08028981568760274,0.0003127794525249397,3000,192000
