corr_etoe,error,Nseed,Nsample
2.1154816841074844,0.009995179376356732,3000,3000
