bulk_corr,error,tot_seed,sample
0.021013859424362513,0.00016135083499338796,1800,230400
