bulk_corr,error,tot_seed,sample
0.003079543286561458,7.326743351984889e-05,1000,256000
