bulk_corr,error,tot_seed,sample
0.01057099599715824,6.814825760238056e-05,2000,512000
