bulk_corr,error,tot_seed,sample
0.0032316047447118546,4.8761624755217764e-05,2000,510720
