bulk_corr,error,tot_seed,sample
0.016159568901949552,0.00014499921051988146,1000,192009
