bulk_corr,error,tot_seed,sample
0.20006576460172434,0.0004279634464429577,1800,57600
