bulk_corr,error,tot_seed,sample
0.07025281695539481,0.000314631281476496,3000,191936
