bulk_corr,error,tot_seed,sample
0.14377048342074025,0.0007121607798433549,3000,96000
