bulk_corr,error,tot_seed,sample
0.006178333506003618,7.083004720051793e-05,1000,192000
