bulk_corr,error,tot_seed,sample
-5.4911490991055325e-05,3.4977668444496748e-06,1000,256000
