bulk_corr,error,tot_seed,sample
-5.993318606988492e-05,3.556601516152236e-06,900,230400
