bulk_corr,error,tot_seed,sample
0.23409601138276714,0.000700212728299528,3000,96000
