bulk_corr,error,tot_seed,sample
0.05832570630537596,0.0003160502954970926,1800,115200
