bulk_corr,error,tot_seed,sample
0.2059293256038035,0.0007259442750006811,3000,96000
