bulk_corr,error,tot_seed,sample
0.020239546873491707,0.00014192967698454275,1000,128000
