bulk_corr,error,tot_seed,sample
0.2519797678915574,0.0005074060384586062,1800,57600
