bulk_corr,error,tot_seed,sample
0.2505434790736125,0.0006964655312067597,3000,96000
