bulk_corr,error,tot_seed,sample
0.00815757763535329,4.5982282514988686e-05,900,230400
