bulk_corr,error,tot_seed,sample
0.24935203139817447,0.0007554715718538888,900,28800
