corr_etoe,error,Nseed,Nsample
1.3128575409685637,0.012597220543828934,3000,3000
