bulk_corr,error,tot_seed,sample
0.21045455738960228,0.0004028703020984799,3000,96000
