bulk_corr,error,tot_seed,sample
0.10755906871182365,0.00036620921301099257,1800,115200
