bulk_corr,error,tot_seed,sample
0.1804912171254773,0.0007244500601891729,3000,96000
