corr_etoe,error,Nseed,Nsample
0.2878435711399138,0.012884533924739556,1000,1000
