corr_etoe,error,Nseed,Nsample
1.2721408143996502,0.014493007372213457,1000,1000
