corr_etoe,error,Nseed,Nsample
0.5651476926328256,0.015833963688588838,1000,1000
