corr_etoe,error,Nseed,Nsample
0.4406436583099482,0.014778909286676262,1000,1000
