corr_etoe,error,Nseed,Nsample
0.8861344814730907,0.02418461532751557,1000,1000
