corr_etoe,error,Nseed,Nsample
0.7538141377702398,0.018181061818237004,1000,1000
