corr_etoe,error,Nseed,Nsample
0.42438875716403457,0.025602348244986264,1000,1000
