corr_etoe,error,Nseed,Nsample
0.1971282040009447,0.02142979945646263,1000,1000
