corr_etoe,error,Nseed,Nsample
0.3638065371837414,0.013808439134396645,1000,1000
