bulk_corr,error,tot_seed,sample
0.07500015724977199,0.0003796199332267645,1800,57600
