bulk_corr,error,tot_seed,sample
0.05641716192927954,0.0003402698115968109,2000,128000
