bulk_corr,error,tot_seed,sample
0.05618257025838151,0.0003585478305822078,1800,115200
