bulk_corr,error,tot_seed,sample
0.2384152197154346,0.000698793811967681,3000,96000
