bulk_corr,error,tot_seed,sample
0.012931919223105326,8.863116211720524e-05,1800,230400
