bulk_corr,error,tot_seed,sample
0.06725677291430944,0.00021560207226944337,1800,115200
