bulk_corr,error,tot_seed,sample
0.024801887496039423,0.00015705738904965908,1800,115200
