bulk_corr,error,tot_seed,sample
0.3082270970596142,0.000687027691891613,1800,57600
