bulk_corr,error,tot_seed,sample
0.30780309834137004,0.0006498163796508137,2000,64000
