bulk_corr,error,tot_seed,sample
0.022447027858664502,0.00014019543043075202,3000,230400
