corr_etoe,error,Nseed,Nsample
0.6492400031430384,0.0344208417266267,1000,1000
