corr_etoe,error,Nseed,Nsample
1.5745476311644628,0.010560779383110537,3000,3000
