bulk_corr,error,tot_seed,sample
0.20090320505523632,0.0008648042782850138,1800,57600
