bulk_corr,error,tot_seed,sample
0.19959273805249386,0.0008208043712037763,2000,64000
