bulk_corr,error,tot_seed,sample
0.055987417567101766,0.00017312202883954577,2000,256000
