bulk_corr,error,tot_seed,sample
0.0006395266005150135,1.7959021222918546e-05,1800,230400
