bulk_corr,error,tot_seed,sample
0.30279160000640937,0.0007446082731428923,1800,57600
