bulk_corr,error,tot_seed,sample
1.232072963962775e-05,6.226515596545901e-06,1800,460800
