bulk_corr,error,tot_seed,sample
0.027541767705330854,0.00030624818601240384,1800,115200
