bulk_corr,error,tot_seed,sample
0.00572079757909809,5.788287277298562e-05,2000,512000
