bulk_corr,error,tot_seed,sample
0.11698291522668536,0.00044120984955711614,1800,57600
