bulk_corr,error,tot_seed,sample
0.12739365104594605,0.0004418335601649163,1800,57600
