bulk_corr,error,tot_seed,sample
0.0025616619673730014,4.6180164195561256e-05,2000,511744
