bulk_corr,error,tot_seed,sample
0.0025312105272415905,4.911203886529465e-05,1800,460544
