corr_etoe,error,Nseed,Nsample
0.9206866465750398,0.014056103367434547,3000,3000
