corr_etoe,error,Nseed,Nsample
0.5743527783668506,0.012398375892547574,3000,3000
