corr_etoe,error,Nseed,Nsample
0.7376646931450243,0.013037803898754363,3000,3000
