bulk_corr,error,tot_seed,sample
0.08576220881372741,0.0003116578627201608,3000,192000
