bulk_corr,error,tot_seed,sample
0.12421000128451604,0.0006080159423547927,1800,57600
