bulk_corr,error,tot_seed,sample
0.053192395505641296,0.000151536586049667,1000,128006
