bulk_corr,error,tot_seed,sample
0.17763636373590616,0.0007186665093101782,3000,96000
