bulk_corr,error,tot_seed,sample
0.03133879349816741,0.00015304933737376328,900,115200
