bulk_corr,error,tot_seed,sample
0.03870540532809176,0.0003019259388067705,1800,115200
