bulk_corr,error,tot_seed,sample
0.03881982420670199,0.00028740570688722634,2000,128000
