bulk_corr,error,tot_seed,sample
0.07152907751803889,0.00029062313328928613,3000,192000
