corr_etoe,error,Nseed,Nsample
2.3269596265728967,0.014466167513167243,3000,3000
