bulk_corr,error,tot_seed,sample
0.18076873217511716,0.0005005893519712665,1800,57600
