bulk_corr,error,tot_seed,sample
0.004107446211136128,5.663047834887518e-05,1800,460800
