bulk_corr,error,tot_seed,sample
0.004099924492545424,5.3505354517656615e-05,2000,512000
