bulk_corr,error,tot_seed,sample
0.049376659794007294,0.0003207165952800667,2000,128000
