bulk_corr,error,tot_seed,sample
0.049161524898108704,0.0003377317717688717,1800,115200
