bulk_corr,error,tot_seed,sample
0.0235545323558043,0.00014635920163585123,1000,192021
