bulk_corr,error,tot_seed,sample
0.006661654303277066,5.130244929797123e-05,2000,512000
