bulk_corr,error,tot_seed,sample
0.006501086622720625,5.4071676593783005e-05,1800,460800
