bulk_corr,error,tot_seed,sample
0.25615740219318633,0.0006873833551282794,3000,96000
