bulk_corr,error,tot_seed,sample
0.018860284748288866,0.00014452854173063441,1800,230400
