bulk_corr,error,tot_seed,sample
0.018569513118716015,0.00013606767492474491,2000,256000
