bulk_corr,error,tot_seed,sample
0.26186772076477566,0.001219478827781542,900,28800
