bulk_corr,error,tot_seed,sample
0.2985874083517677,0.000487302496066254,2000,64000
