bulk_corr,error,tot_seed,sample
-0.00040320781572063843,4.086278263929936e-05,900,115200
