bulk_corr,error,tot_seed,sample
0.017665609534666858,0.00013179103779372854,3000,243200
