bulk_corr,error,tot_seed,sample
0.000163718579417558,2.767501148961623e-05,900,115200
