bulk_corr,error,tot_seed,sample
0.000821496323557947,1.2724726703814363e-05,1000,256000
