bulk_corr,error,tot_seed,sample
0.0007970351918086584,1.3658091290089144e-05,900,230400
