bulk_corr,error,tot_seed,sample
0.0215298304436672,0.0002223003201466082,2500,115200
