bulk_corr,error,tot_seed,sample
0.0203350007564,0.00014534198676946895,1000,192000
