bulk_corr,error,tot_seed,sample
0.15176372702364002,0.0003635500986489369,2000,64000
