bulk_corr,error,tot_seed,sample
0.15214633370135017,0.0003852250192733543,1800,57600
