bulk_corr,error,tot_seed,sample
0.04348553290480934,0.00017423910924266607,2000,256000
