bulk_corr,error,tot_seed,sample
0.2862246034448007,0.0008053889778058592,1800,57600
