bulk_corr,error,tot_seed,sample
0.046530472770547046,0.00013992411349047877,1800,115200
