bulk_corr,error,tot_seed,sample
0.018883024949838803,0.0001647902061810614,3000,179200
