bulk_corr,error,tot_seed,sample
0.00013019478471652817,1.598995678269028e-05,900,230400
