bulk_corr,error,tot_seed,sample
0.09673592772153204,0.0007011908186819734,2000,64000
