bulk_corr,error,tot_seed,sample
0.0978585871460151,0.0007437552302740827,1800,57600
