bulk_corr,error,tot_seed,sample
0.01361415969665544,6.989386547273957e-05,2000,512000
