bulk_corr,error,tot_seed,sample
0.014679387147778127,8.354375012963496e-05,1800,230400
