bulk_corr,error,tot_seed,sample
0.10821425481785872,0.00039700398235458987,2000,128000
