bulk_corr,error,tot_seed,sample
0.006657534191117383,9.331026899771996e-05,1800,230400
