bulk_corr,error,tot_seed,sample
0.006782144839057776,8.930474410175168e-05,2000,256000
