bulk_corr,error,tot_seed,sample
0.2877453107871549,0.0008134866744001108,1800,57600
