bulk_corr,error,tot_seed,sample
0.0021590746364285127,3.4357279662423946e-05,1800,230400
