bulk_corr,error,tot_seed,sample
0.0003410888395246918,1.759971899459146e-05,900,230400
