corr_etoe,error,Nseed,Nsample
0.5794858134391581,0.01441794059411677,3000,3000
