bulk_corr,error,tot_seed,sample
0.000483774013790692,2.1681779702631904e-05,1800,460544
