bulk_corr,error,tot_seed,sample
0.0004804464544713272,2.0475990377133408e-05,2000,511744
