bulk_corr,error,tot_seed,sample
0.007980140894338811,5.5707458532679925e-05,2000,512000
