bulk_corr,error,tot_seed,sample
0.007892738797960165,5.824285617306868e-05,1800,460800
