bulk_corr,error,tot_seed,sample
0.00306298112329952,5.0536697911879186e-05,1800,460800
