bulk_corr,error,tot_seed,sample
0.0030811624139890207,4.786280392981557e-05,2000,512000
