corr_etoe,error,Nseed,Nsample
1.3992251628151824,0.022285610062094858,2000,2000
