corr_etoe,error,Nseed,Nsample
0.7103676165489238,0.021870885254430726,2000,2000
