bulk_corr,error,tot_seed,sample
0.17141166117829973,0.00044166634881071903,1800,57600
