bulk_corr,error,tot_seed,sample
0.04684639745793539,0.00037220837579353974,1800,115200
