bulk_corr,error,tot_seed,sample
0.1812706008813166,0.0007267671331784189,3000,96000
