ZL,error,Nseed,Nsample
0.35907417502513295,0.01127757931199376,1000.0,1000.0
