ZL,error,Nseed,Nsample
0.18118853459086134,0.005356160845047709,3000.0,3000.0
