ZL,error,Nseed,Nsample
0.26425355239705567,0.0060038077670717385,3000.0,3000.0
