ZL,error,Nseed,Nsample
0.3348956574360684,0.0060720213485298685,3000.0,3000.0
