bulk_corr,error,tot_seed,sample
0.012763557141957782,6.819198759319402e-05,1800,230400
