bulk_corr,error,tot_seed,sample
0.06628592714823756,0.0002549878526910496,900,57600
