bulk_corr,error,tot_seed,sample
0.003575824354051881,3.773297598826576e-05,900,230400
