bulk_corr,error,tot_seed,sample
0.1755802231165213,0.0002836143718684835,3000,96000
