bulk_corr,error,tot_seed,sample
0.10847200826883922,0.000330026217533683,3000,192000
