corr_etoe,error,Nseed,Nsample
0.1190111217501343,0.010364823279819264,1000,1000
