bulk_corr,error,tot_seed,sample
0.13281086538002906,0.0003824599310880972,1800,115200
