bulk_corr,error,tot_seed,sample
0.08045336951773213,0.00030853062017521435,3000,192000
