corr_etoe,error,Nseed,Nsample
0.6257648061404906,0.028063651027184233,1000,1000
