corr_etoe,error,Nseed,Nsample
1.1422416931627801,0.012794107161164235,1000,1000
