corr_etoe,error,Nseed,Nsample
0.8081937481309486,0.017609388431326683,1000,1000
