corr_etoe,error,Nseed,Nsample
1.0920056319408369,0.02118718399678815,1000,1000
