corr_etoe,error,Nseed,Nsample
0.5294214508182199,0.019817775238218253,1000,1000
