corr_etoe,error,Nseed,Nsample
0.2870125095731522,0.025572317772950232,1000,1000
