corr_etoe,error,Nseed,Nsample
0.16025185212536916,0.020226300760429212,1000,1000
