corr_etoe,error,Nseed,Nsample
0.9811321398772774,0.014882819804354366,1000,1000
