bulk_corr,error,tot_seed,sample
0.29944015266481694,0.0006834303491299182,1800,57600
