bulk_corr,error,tot_seed,sample
0.29913248127755787,0.0006482691334674542,2000,64000
