corr_etoe,error,Nseed,Nsample
1.463551523523387,0.010103114256276283,3000,3000
