bulk_corr,error,tot_seed,sample
0.05035619002637358,0.00025405159221587084,900,115200
