bulk_corr,error,tot_seed,sample
0.2712422599704421,0.0008205455094475369,2000,64000
