bulk_corr,error,tot_seed,sample
0.02025380946606635,7.257576566888145e-05,1800,230400
