bulk_corr,error,tot_seed,sample
0.10612621443004883,0.00020131768813281487,3000,96000
