bulk_corr,error,tot_seed,sample
0.06540749652301467,0.00022121781828110548,1000,128000
