bulk_corr,error,tot_seed,sample
0.006216026477007318,8.569397398908979e-05,900,115200
