bulk_corr,error,tot_seed,sample
0.0699797629163026,0.00026447653053527774,1800,115200
