corr_etoe,error,Nseed,Nsample
2.294457326294275,0.012321712553671683,3000,3000
