corr_etoe,error,Nseed,Nsample
0.7129963145704711,0.057548174670929944,1000,1000
