bulk_corr,error,tot_seed,sample
0.09167553230839856,0.0003091525163256548,3000,192000
