bulk_corr,error,tot_seed,sample
0.07809871200758738,0.0003156261948755232,3000,192000
