bulk_corr,error,tot_seed,sample
0.10952816653754748,0.00029403570658586734,1800,115200
