corr_etoe,error,Nseed,Nsample
0.26215192499994416,0.018006392653807064,1000,1000
