corr_etoe,error,Nseed,Nsample
0.4429477011103682,0.013048210408624179,2000,2000
