corr_etoe,error,Nseed,Nsample
0.7614624862344228,0.01507267762106018,2000,2000
