corr_etoe,error,Nseed,Nsample
0.6049391473504114,0.013658012365285476,2000,2000
