bulk_corr,error,tot_seed,sample
0.26857449180990467,0.0006771065951779393,3000,96000
