bulk_corr,error,tot_seed,sample
0.14202725733288563,0.0004970999063670972,900,57600
