bulk_corr,error,tot_seed,sample
0.04695993198670666,0.00015087624507256493,1800,115200
