bulk_corr,error,tot_seed,sample
13228893979.596989,13228893979.566904,1000,192033
