bulk_corr,error,tot_seed,sample
0.034244496148977545,0.0001506398073378088,1800,115200
