bulk_corr,error,tot_seed,sample
9.581533731055777e-05,1.1867221680113436e-05,900,230400
