bulk_corr,error,tot_seed,sample
0.00010628917973361953,1.1426993497202153e-05,1000,256000
