bulk_corr,error,tot_seed,sample
0.003022922174173402,2.1756192469904997e-05,1800,460800
