bulk_corr,error,tot_seed,sample
0.184950546513194,0.000777620449223466,1800,57600
