bulk_corr,error,tot_seed,sample
0.1843196438717178,0.0007382350409056391,2000,64000
