bulk_corr,error,tot_seed,sample
0.02742451181165151,0.00010297389634547424,1800,230400
