bulk_corr,error,tot_seed,sample
0.2190244063896122,0.0006890791695357697,3000,96000
