bulk_corr,error,tot_seed,sample
0.04848705960167069,0.00015997439120228938,1800,230400
