bulk_corr,error,tot_seed,sample
0.048794773635628244,0.0001396615280222102,1000,128000
