bulk_corr,error,tot_seed,sample
0.029440868061029354,0.000138082696576867,1000,128000
