bulk_corr,error,tot_seed,sample
0.06951490202845229,0.0003400396560725239,2000,128000
