bulk_corr,error,tot_seed,sample
0.06983335244388825,0.0003575493488973547,1800,115200
