corr_etoe,error,Nseed,Nsample
1.632136786241269,0.014217727595191246,3000,3000
