bulk_corr,error,tot_seed,sample
0.27549503418948185,0.0005283809383651467,3000,96000
