bulk_corr,error,tot_seed,sample
0.21266708345264215,0.00040377761066480596,3000,96000
