bulk_corr,error,tot_seed,sample
0.0740310684492201,0.0003101034562951741,3000,192000
