bulk_corr,error,tot_seed,sample
0.18260772710672704,0.0007401675276446647,3000,96000
