bulk_corr,error,tot_seed,sample
0.016930647950439047,8.865194167114593e-05,1800,115200
