bulk_corr,error,tot_seed,sample
0.07573710815946556,0.0003156200513440744,3000,192000
