corr_etoe,error,Nseed,Nsample
1.184756333703755,0.01729822754090066,1000,1000
