corr_etoe,error,Nseed,Nsample
0.9722591454926162,0.023985651142612543,1000,1000
