corr_etoe,error,Nseed,Nsample
0.4467342427010465,0.026228629617175016,1000,1000
