corr_etoe,error,Nseed,Nsample
0.8680847698456567,0.02427817079541132,1000,1000
