corr_etoe,error,Nseed,Nsample
0.20453161767117145,0.02151598079695628,1000,1000
