corr_etoe,error,Nseed,Nsample
0.5831308251896961,0.02870815967220362,1000,1000
