corr_etoe,error,Nseed,Nsample
0.27044910965409996,0.023917965992894506,1000,1000
