bulk_corr,error,tot_seed,sample
0.08688425848788023,0.00022452441638420815,2000,106085
