bulk_corr,error,tot_seed,sample
0.08702867938902284,0.00023920758571820957,1800,93285
