bulk_corr,error,tot_seed,sample
0.07265519212661738,0.0002704222020511736,1800,115200
