bulk_corr,error,tot_seed,sample
0.02268308326787615,0.00012042985725252402,3000,371200
