bulk_corr,error,tot_seed,sample
0.3062207305889092,0.000717056695395726,1000,32000
