bulk_corr,error,tot_seed,sample
0.17485391059119804,0.00036715624324088267,1800,57600
