bulk_corr,error,tot_seed,sample
0.17444949213665775,0.0003484908930284021,2000,64000
