bulk_corr,error,tot_seed,sample
0.05465388808891292,0.00017451841665470233,2000,256000
