bulk_corr,error,tot_seed,sample
0.07447000304211022,0.0003923599125295276,2000,128000
