bulk_corr,error,tot_seed,sample
0.3164273759899498,0.0008787438042060343,900,28800
