bulk_corr,error,tot_seed,sample
0.018247848431245776,0.00010693187924727515,1800,230400
