ZL,error,Nseed,Nsample
0.0005925593632918061,0.005801320282468298,3000.0,3000.0
