ZL,error,Nseed,Nsample
-0.001310315483110032,0.012988567809580064,1000.0,1000.0
