ZL,error,Nseed,Nsample
-0.004421714114850584,0.007168079297520758,3000.0,3000.0
