ZL,error,Nseed,Nsample
-0.0029011352377069487,0.006651464664813121,3000.0,3000.0
