corr_etoe,error,Nseed,Nsample
1.5322196616453876,0.014081556421914937,3000,3000
