bulk_corr,error,tot_seed,sample
0.023419507043335494,0.0001257632433315362,3000,371200
