bulk_corr,error,tot_seed,sample
0.031959786695079775,0.00016601681195915112,2000,256000
