bulk_corr,error,tot_seed,sample
0.03885756542162535,0.00024311611496847745,1000,128000
