bulk_corr,error,tot_seed,sample
0.013844403520106676,6.0351208228771525e-05,1800,460800
