bulk_corr,error,tot_seed,sample
0.01011042936434742,0.00011836135461796654,1800,230400
