bulk_corr,error,tot_seed,sample
0.009883128531153315,0.00011159684581796172,2000,256000
