bulk_corr,error,tot_seed,sample
0.10016971846269122,0.0003268761842430157,3000,192000
