bulk_corr,error,tot_seed,sample
0.23192217487415948,0.0007172201180278429,3000,96000
