bulk_corr,error,tot_seed,sample
0.154374423126777,0.00043655298325841814,1000,64000
