bulk_corr,error,tot_seed,sample
0.036578923343462334,0.00016988269437855536,2000,256000
