bulk_corr,error,tot_seed,sample
0.031148117372228102,0.00012279751034091765,2700,320000
