bulk_corr,error,tot_seed,sample
0.24458098043665927,0.0004078981730794598,3000,96000
