corr_etoe,error,Nseed,Nsample
1.3938728266864244,0.023962683276748425,2000,2000
