corr_etoe,error,Nseed,Nsample
0.49157518921283727,0.020984309539322725,2000,2000
