bulk_corr,error,tot_seed,sample
0.003619729410860303,4.244606021591808e-05,2000,512000
