bulk_corr,error,tot_seed,sample
0.003536365958521577,4.402110308018754e-05,1800,460800
