bulk_corr,error,tot_seed,sample
0.08788619052631119,0.0003264026194611221,3000,192000
