bulk_corr,error,tot_seed,sample
0.013135021967445166,5.967197132366147e-05,1800,460800
