corr_etoe,error,Nseed,Nsample
0.8835379290138538,0.014817898716666361,1000,1000
