corr_etoe,error,Nseed,Nsample
1.0072939642321497,0.01538396115656799,1000,1000
