corr_etoe,error,Nseed,Nsample
0.5859172044631672,0.016859500803452068,1000,1000
