corr_etoe,error,Nseed,Nsample
0.3447642014836041,0.025371935841728584,1000,1000
