corr_etoe,error,Nseed,Nsample
0.7396097076367895,0.01577542581285687,1000,1000
