corr_etoe,error,Nseed,Nsample
0.1569908426611386,0.02049375692410466,1000,1000
