corr_etoe,error,Nseed,Nsample
1.144835941568055,0.019349515799741552,1000,1000
