corr_etoe,error,Nseed,Nsample
0.5166391372973383,0.017383102157627214,1000,1000
