corr_etoe,error,Nseed,Nsample
0.7411204036010572,0.026770960301026464,1000,1000
