bulk_corr,error,tot_seed,sample
0.020318790814062983,0.00014924159462163464,1800,230400
