bulk_corr,error,tot_seed,sample
0.02018666695046785,0.00014126388562967203,2000,256000
