bulk_corr,error,tot_seed,sample
0.30281053169086536,0.0010115639784457173,1000,32000
