bulk_corr,error,tot_seed,sample
0.008540812733615077,7.053972922752619e-05,900,224512
