bulk_corr,error,tot_seed,sample
0.03222320931106384,0.00016831748612658728,2000,256000
