bulk_corr,error,tot_seed,sample
0.028129734344451856,0.0001305328161165323,1800,230400
