bulk_corr,error,tot_seed,sample
0.14492079776201802,0.000512278339350833,1000,64000
