bulk_corr,error,tot_seed,sample
0.005412385871382546,0.00010801225661524259,2000,128000
