bulk_corr,error,tot_seed,sample
0.005508667496438254,0.00011313912777585347,1800,115200
