bulk_corr,error,tot_seed,sample
0.0047063916506575815,2.5675074414556325e-05,1800,460800
