bulk_corr,error,tot_seed,sample
0.003988006921777825,2.318001355430393e-05,1800,460800
