bulk_corr,error,tot_seed,sample
0.169381396579458,0.0007098547713159972,3000,96000
