bulk_corr,error,tot_seed,sample
0.057953150414105814,0.00016276255203888644,1800,115200
