corr_etoe,error,Nseed,Nsample
0.13942870991782486,0.01256913704026722,1000,1000
