corr_etoe,error,Nseed,Nsample
0.38613824299079397,0.013453411818492349,2000,2000
