corr_etoe,error,Nseed,Nsample
0.2381143460824582,0.010752085473867492,2000,2000
