bulk_corr,error,tot_seed,sample
6.680042180549504e-05,3.8041914367678843e-06,1800,460800
