bulk_corr,error,tot_seed,sample
0.00035590331027092107,2.1183512029267215e-05,2000,512000
