bulk_corr,error,tot_seed,sample
0.00030841953298103495,2.2064115598721304e-05,1800,460800
