bulk_corr,error,tot_seed,sample
0.0021521930061248543,1.8526509891124903e-05,1800,460800
