bulk_corr,error,tot_seed,sample
0.06358548675985791,0.00023228815537440527,900,57600
