bulk_corr,error,tot_seed,sample
0.023991485400902336,0.0001482486400775435,2500,281600
