bulk_corr,error,tot_seed,sample
0.004891752776695689,5.549325266864426e-05,2000,511744
