corr_etoe,error,Nseed,Nsample
0.6857959913897947,0.027971943400107193,1000,1000
