corr_etoe,error,Nseed,Nsample
0.24737079446220447,0.023360256560644454,1000,1000
