corr_etoe,error,Nseed,Nsample
0.11020266591330367,0.020785320491804187,1000,1000
