corr_etoe,error,Nseed,Nsample
0.3197973894823891,0.025789593834172026,1000,1000
