corr_etoe,error,Nseed,Nsample
1.046871045244384,0.02224517075148567,1000,1000
