corr_etoe,error,Nseed,Nsample
1.0170635805393453,0.02332819774843238,1000,1000
