corr_etoe,error,Nseed,Nsample
0.641111611029059,0.027932665017105167,1000,1000
