bulk_corr,error,tot_seed,sample
0.008319932866970909,0.00015854762194457336,500,70400
