bulk_corr,error,tot_seed,sample
0.044486028736089984,0.00017576585668395854,2000,256000
