bulk_corr,error,tot_seed,sample
0.00897485064905035,0.00013263530924467623,500,108800
