bulk_corr,error,tot_seed,sample
0.004053893363211421,4.780748551568537e-05,2000,512000
