bulk_corr,error,tot_seed,sample
0.03545546615874101,0.0003487334165441043,1800,115200
