corr_etoe,error,Nseed,Nsample
0.8109554872976621,0.01978800952837241,1000,1000
