corr_etoe,error,Nseed,Nsample
1.0095877093675065,0.023026368784058598,1000,1000
