corr_etoe,error,Nseed,Nsample
1.228932241100127,0.01154233753482074,1000,1000
