corr_etoe,error,Nseed,Nsample
0.6026096984000837,0.021337807907258168,1000,1000
