corr_etoe,error,Nseed,Nsample
0.5730527812229617,0.028493783212307208,1000,1000
