corr_etoe,error,Nseed,Nsample
0.47479461184896204,0.021940994594912874,1000,1000
