corr_etoe,error,Nseed,Nsample
1.0715475823046972,0.015062587518058598,1000,1000
