bulk_corr,error,tot_seed,sample
0.27857987435877046,0.0005304398050836134,3000,96000
