bulk_corr,error,tot_seed,sample
0.04620294640091204,0.0004977429254089927,1800,57600
