bulk_corr,error,tot_seed,sample
0.04633173496465144,0.00047090793069173446,2000,64000
