bulk_corr,error,tot_seed,sample
0.030378728060740084,0.00014817892323539311,1000,192000
