corr_etoe,error,Nseed,Nsample
0.33441808315760047,0.010177416700769085,3000,3000
