corr_etoe,error,Nseed,Nsample
0.5293287371446607,0.01249947557489306,3000,3000
