bulk_corr,error,tot_seed,sample
0.10103242673465626,0.00040157606883337466,2000,128000
