bulk_corr,error,tot_seed,sample
0.10110405944571238,0.00042217052528476965,1800,115200
