bulk_corr,error,tot_seed,sample
0.23027824437483954,0.000716838301580735,3000,96000
