bulk_corr,error,tot_seed,sample
0.06648864298551371,0.00026145425846917374,1800,115200
