bulk_corr,error,tot_seed,sample
0.019550762209211116,7.378138498061945e-05,1000,192000
