bulk_corr,error,tot_seed,sample
0.06128383086494612,0.00016534191404488563,2000,256000
