bulk_corr,error,tot_seed,sample
0.01888106667348104,4.9567826800419065e-05,2000,512000
