bulk_corr,error,tot_seed,sample
0.018952874221482886,5.219268613187173e-05,1800,460800
