bulk_corr,error,tot_seed,sample
0.04661821346639717,0.00015640504653612912,1800,230400
