bulk_corr,error,tot_seed,sample
0.2690556692316409,0.000672196699576017,3000,96000
