bulk_corr,error,tot_seed,sample
0.053384720750523314,0.00016488169931208523,1800,230400
