bulk_corr,error,tot_seed,sample
0.05721880204754716,0.00017073272838309908,1800,230400
