bulk_corr,error,tot_seed,sample
0.08838456149315249,0.00031954265599792213,3000,192000
