bulk_corr,error,tot_seed,sample
0.18282353638734178,0.0007306541960432929,3000,96000
