corr_etoe,error,Nseed,Nsample
0.3809016406814452,0.02474821940369549,1000,1000
