bulk_corr,error,tot_seed,sample
0.038801433463595,0.0002450222965319225,1800,115200
