bulk_corr,error,tot_seed,sample
0.2566398386495912,0.0004228246919796062,3000,96000
