bulk_corr,error,tot_seed,sample
0.01793793226984635,6.130590535042656e-05,1000,256000
