bulk_corr,error,tot_seed,sample
0.02096331968477622,7.412457378513911e-05,2000,512000
