bulk_corr,error,tot_seed,sample
0.2883722086327858,0.0007822713295725925,2000,64000
