bulk_corr,error,tot_seed,sample
0.018514600152909202,0.00015359283945712388,1800,230400
