bulk_corr,error,tot_seed,sample
0.018523220546270022,0.00014525148240184614,2000,256000
