bulk_corr,error,tot_seed,sample
0.02174033522842185,0.00011285261445060746,1800,230400
