bulk_corr,error,tot_seed,sample
0.0180225501868749,0.00019569156423061262,3000,128000
