bulk_corr,error,tot_seed,sample
0.16493304982526688,0.00027482387873329977,3000,96000
