bulk_corr,error,tot_seed,sample
0.011109539795314599,0.00011273081233062204,900,172800
