bulk_corr,error,tot_seed,sample
0.011162059532934218,0.00010640265744150777,1000,192000
