bulk_corr,error,tot_seed,sample
0.026500025107758802,0.0001656351160986489,1800,230400
