corr_etoe,error,Nseed,Nsample
0.5054319964468723,0.02830472766431051,1000,1000
