bulk_corr,error,tot_seed,sample
0.11215521273283537,0.0006315775322876335,2000,64000
