bulk_corr,error,tot_seed,sample
0.112644200239863,0.0006691251693241223,1800,57600
