bulk_corr,error,tot_seed,sample
0.0006182415837722747,3.0295190858294417e-05,1800,460800
