bulk_corr,error,tot_seed,sample
0.09544118565562702,0.0006912828184505995,2000,64000
