bulk_corr,error,tot_seed,sample
0.09607895282936002,0.000729396247258573,1800,57600
