corr_etoe,error,Nseed,Nsample
0.43025703952564137,0.015874752918966974,2000,2000
