corr_etoe,error,Nseed,Nsample
0.9519717022104076,0.018104951432297373,2000,1997
