bulk_corr,error,tot_seed,sample
0.009157815640939251,0.00010493921573903077,1000,172800
