bulk_corr,error,tot_seed,sample
0.06316347304729722,0.00040453684454399587,1500,96000
