bulk_corr,error,tot_seed,sample
0.07286137159509716,0.0004045215548139435,1800,57600
