bulk_corr,error,tot_seed,sample
0.28921495051915597,0.0007142634962592477,1000,32000
