bulk_corr,error,tot_seed,sample
0.011517725592324049,6.75725507090618e-05,2000,512000
