corr_etoe,error,Nseed,Nsample
0.12512128569773276,0.009735354570329563,1000,1000
