bulk_corr,error,tot_seed,sample
0.060956397981602614,0.0001663083971863326,1000,128000
