bulk_corr,error,tot_seed,sample
0.04919696770589595,0.00033961140222743866,1800,115200
