bulk_corr,error,tot_seed,sample
0.04929134688692544,0.00032321412191080155,2000,128000
