bulk_corr,error,tot_seed,sample
0.021001535157692396,0.0001434003840675258,2000,256000
