bulk_corr,error,tot_seed,sample
0.021043869300629656,0.00015017680817977757,1800,230400
