bulk_corr,error,tot_seed,sample
0.23772066756934657,0.0007069039388447732,3000,96000
