bulk_corr,error,tot_seed,sample
0.0016499182577600208,1.6365190005351666e-05,1800,460800
