corr_etoe,error,Nseed,Nsample
0.2504907515466952,0.02254090700250471,1000,1000
