corr_etoe,error,Nseed,Nsample
0.2932059984111469,0.024058213609676336,1000,1000
