corr_etoe,error,Nseed,Nsample
0.9757928282139663,0.02181698331085547,1000,1000
