corr_etoe,error,Nseed,Nsample
1.2359063727659025,0.015892134728013943,1000,1000
