corr_etoe,error,Nseed,Nsample
0.5384408827242352,0.0254681869267911,1000,1000
