bulk_corr,error,tot_seed,sample
0.13977441207049887,0.0009115844939801917,1800,57600
