corr_etoe,error,Nseed,Nsample
1.4382367608767512,0.013624858528087733,3000,3000
