bulk_corr,error,tot_seed,sample
0.23171299103068566,0.0007116492743315421,3000,96000
