bulk_corr,error,tot_seed,sample
0.0004115205335328975,9.318137769964312e-06,1800,460800
