corr_etoe,error,Nseed,Nsample
0.05601488648175971,0.007396600738149522,1000,1000
