corr_etoe,error,Nseed,Nsample
0.18081020095084516,0.009340965961133596,2000,2000
