corr_etoe,error,Nseed,Nsample
0.4292828600341785,0.022696470246224086,1000,1000
