bulk_corr,error,tot_seed,sample
0.01667052852944051,0.00023383293192817475,2000,76800
