bulk_corr,error,tot_seed,sample
0.0003526196110195133,2.3763481122012292e-05,1800,459264
