bulk_corr,error,tot_seed,sample
0.00037357709498821433,2.2559408750668643e-05,2000,510464
