bulk_corr,error,tot_seed,sample
0.0005604524842390005,1.8528842430095283e-05,1800,230400
