bulk_corr,error,tot_seed,sample
0.03201363213877424,0.0001369434653673339,1000,128000
