bulk_corr,error,tot_seed,sample
0.007982819680453935,7.056293064159449e-05,1800,115200
