bulk_corr,error,tot_seed,sample
0.010213852368536924,0.00010415895389482081,1800,115200
