bulk_corr,error,tot_seed,sample
0.005084709959796733,0.00011347231251547331,2000,128000
