bulk_corr,error,tot_seed,sample
0.004853268003177373,0.00011610882768801942,1800,115200
