bulk_corr,error,tot_seed,sample
0.07370299542360542,0.0003161819937871016,3000,192000
