bulk_corr,error,tot_seed,sample
0.009488617742184197,6.158121898842342e-05,2000,512000
