bulk_corr,error,tot_seed,sample
0.009411153838686109,6.555489374753262e-05,1800,460800
