bulk_corr,error,tot_seed,sample
0.10132547405628961,0.00032378052543969633,3000,192000
