corr_etoe,error,Nseed,Nsample
1.029144543402932,0.01879107899658763,2000,2000
