corr_etoe,error,Nseed,Nsample
0.7922442171995971,0.01826045245405517,2000,2000
