bulk_corr,error,tot_seed,sample
0.0014715597913474727,1.598667111913212e-05,1000,256000
