bulk_corr,error,tot_seed,sample
0.0014651574892429009,1.71102669196182e-05,900,230400
