corr_etoe,error,Nseed,Nsample
1.1624589789523927,0.012485726895198404,3000,3000
