bulk_corr,error,tot_seed,sample
0.21548365230918615,0.0005204172267173848,3000,96000
