bulk_corr,error,tot_seed,sample
0.018337970512917003,6.371719680634292e-05,2000,512000
