bulk_corr,error,tot_seed,sample
0.01830280292556721,6.706621768885022e-05,1800,460800
