bulk_corr,error,tot_seed,sample
0.09071634722808115,0.0008008740274880452,1800,57600
