bulk_corr,error,tot_seed,sample
0.3061553255808226,0.0010743388185288196,900,28800
