bulk_corr,error,tot_seed,sample
0.05523799183152339,0.00019271909153254453,900,115200
