bulk_corr,error,tot_seed,sample
0.08500850889125584,0.00034393778532682494,2000,64000
