bulk_corr,error,tot_seed,sample
0.08496747946289136,0.0003632283986883714,1800,57600
