bulk_corr,error,tot_seed,sample
0.2707499162695193,0.0008673311219472493,1800,57600
