bulk_corr,error,tot_seed,sample
0.021636929975641955,8.009093650585392e-05,1800,230400
