bulk_corr,error,tot_seed,sample
0.12285866227281544,0.0009148545063260211,1800,57600
