bulk_corr,error,tot_seed,sample
0.13062235561615315,0.0005797207536301035,900,57600
