bulk_corr,error,tot_seed,sample
0.04134967670124786,0.0005069792502152562,1800,57600
