bulk_corr,error,tot_seed,sample
0.04266471547551874,0.0004891609686894627,2000,64000
