ZL,error,Nseed,Nsample
0.8207595933703811,0.0013309539830717741,3000.0,3000.0
