ZL,error,Nseed,Nsample
0.888774379513104,0.0035331569775313414,1000.0,1000.0
