ZL,error,Nseed,Nsample
0.7063242449701786,0.001381851843733735,3000.0,3000.0
