corr_etoe,error,Nseed,Nsample
0.06379573999996595,0.008313995447153258,1000,1000
