bulk_corr,error,tot_seed,sample
0.01236424431582019,6.909555114372329e-05,1000,192000
