bulk_corr,error,tot_seed,sample
0.22721963651165192,0.0009370544126800801,1800,57600
