bulk_corr,error,tot_seed,sample
0.22699298259526923,0.0008862790177207989,2000,64000
