bulk_corr,error,tot_seed,sample
0.07293200957070242,0.0003186419099872708,1800,115200
