bulk_corr,error,tot_seed,sample
0.14292556238973328,0.0004948387874568899,1800,57600
