bulk_corr,error,tot_seed,sample
0.08562636517030069,0.0002797277040552095,1800,115200
