bulk_corr,error,tot_seed,sample
0.0217479624530301,6.469842251334045e-05,1800,460800
