bulk_corr,error,tot_seed,sample
0.08635809707046797,0.0003126593692719903,3000,192000
