bulk_corr,error,tot_seed,sample
0.05209366014269019,0.00011851532704066015,1800,230400
