bulk_corr,error,tot_seed,sample
0.2851702120277956,0.0006317699534614217,3000,96000
