bulk_corr,error,tot_seed,sample
0.0096561896185597,6.863321487066761e-05,900,115200
