bulk_corr,error,tot_seed,sample
0.002783617259132327,2.156270408799909e-05,1800,230400
