bulk_corr,error,tot_seed,sample
0.1120712016202471,0.00039844021833920936,1800,115200
