bulk_corr,error,tot_seed,sample
0.0398504181157504,0.00013118840923545422,1000,128000
