bulk_corr,error,tot_seed,sample
0.006890863407150786,6.884502002975064e-05,1000,192000
