ZL,error,Nseed,Nsample
0.9063697292874333,0.00396966072522062,1000.0,1000.0
