ZL,error,Nseed,Nsample
0.7501922734340383,0.0009213069956692652,3000.0,3000.0
