ZL,error,Nseed,Nsample
0.851427762148582,0.0006779469609618484,3000.0,3000.0
