bulk_corr,error,tot_seed,sample
0.12644016210554526,0.00032043636498255157,3000,192000
