bulk_corr,error,tot_seed,sample
0.26777127708263226,0.0008664262532744414,1800,57600
