ZL,error,Nseed,Nsample
-0.03894058003580374,0.015852789405275333,1000.0,1000.0
