ZL,error,Nseed,Nsample
0.23920345344893126,0.006529242488111436,3000.0,3000.0
