ZL,error,Nseed,Nsample
0.01162684708031694,0.00872345654519477,3000.0,3000.0
