ZL,error,Nseed,Nsample
0.11361160029010281,0.00807443150661927,3000.0,3000.0
