corr_etoe,error,Nseed,Nsample
0.054271147291601714,0.00843301891907354,1000,1000
