corr_etoe,error,Nseed,Nsample
0.429372214626106,0.022958256750327023,1000,1000
