corr_etoe,error,Nseed,Nsample
0.029423326263318547,0.008802102308130414,400,399
