corr_etoe,error,Nseed,Nsample
0.034954150194845234,0.006540409292629316,1000,1000
