bulk_corr,error,tot_seed,sample
0.2214075630213792,0.00048269078797629226,2000,64000
