bulk_corr,error,tot_seed,sample
0.22145491948268176,0.0005088273367718897,1800,57600
