bulk_corr,error,tot_seed,sample
0.01102762413778501,5.476487325922898e-05,1800,460800
