bulk_corr,error,tot_seed,sample
0.03514904344391488,0.00014538823277720635,1000,192067
