bulk_corr,error,tot_seed,sample
0.0004458843215957364,1.0838156008486242e-05,1800,460800
