bulk_corr,error,tot_seed,sample
0.051116979034222895,0.0004398025873981751,2000,64000
