bulk_corr,error,tot_seed,sample
0.0508218146815557,0.0004608648970572849,1800,57600
