bulk_corr,error,tot_seed,sample
0.19441257469736453,0.0007219096069676322,3000,96000
