bulk_corr,error,tot_seed,sample
0.020652397989277087,0.0002535864040580212,500,64000
