bulk_corr,error,tot_seed,sample
0.0025431350251133565,1.8825606818479366e-05,1800,460800
