corr_etoe,error,Nseed,Nsample
0.36513915938675895,0.010958529342626703,3000,3000
