corr_etoe,error,Nseed,Nsample
0.21558236701484526,0.013450343967956836,2000,1300
