corr_etoe,error,Nseed,Nsample
0.5492518343444679,0.013090495910865958,3000,3000
