bulk_corr,error,tot_seed,sample
0.002127777087502847,4.6323827319045624e-05,2000,256000
