bulk_corr,error,tot_seed,sample
0.0022061179116242636,5.00585669804912e-05,1800,230400
