bulk_corr,error,tot_seed,sample
0.005450773612406318,5.5142123334990524e-05,2000,511744
