bulk_corr,error,tot_seed,sample
0.08119216515778421,0.00039761215287082173,2000,128000
