bulk_corr,error,tot_seed,sample
0.24538679137408193,0.000801018089588079,1800,57600
