bulk_corr,error,tot_seed,sample
0.003365229304433333,2.180491316165685e-05,1800,460800
