bulk_corr,error,tot_seed,sample
0.09299323825735482,0.0003200688197938463,3000,192000
