bulk_corr,error,tot_seed,sample
0.26169434192421637,0.0006813504327847648,3000,96000
