corr_etoe,error,Nseed,Nsample
1.0264808933744136,0.015041207432028034,2000,2000
