corr_etoe,error,Nseed,Nsample
0.5189380534845227,0.020312989296343585,1000,1000
