bulk_corr,error,tot_seed,sample
0.0070034613745408045,6.116181047416767e-05,2000,512000
