bulk_corr,error,tot_seed,sample
0.047180547086676586,0.00021756746647116971,1800,115200
