bulk_corr,error,tot_seed,sample
0.1055293067569441,0.0003198354707444141,3000,192000
