bulk_corr,error,tot_seed,sample
0.10061911795380771,0.0005392968342741377,2000,64000
