bulk_corr,error,tot_seed,sample
0.09990000815037284,0.0005663421808602548,1800,57600
