bulk_corr,error,tot_seed,sample
0.009702825997553626,7.178478209651995e-05,1000,192000
