corr_etoe,error,Nseed,Nsample
0.09537749062069238,0.008755183593673034,1000,1000
