bulk_corr,error,tot_seed,sample
0.24581785720049387,0.0008992468103522914,1800,57600
