bulk_corr,error,tot_seed,sample
0.24524020340234337,0.0008533800010651602,2000,64000
