bulk_corr,error,tot_seed,sample
0.04730885893259464,0.0001614881625473645,900,115200
