bulk_corr,error,tot_seed,sample
0.027806824979320955,0.0003112013901035781,1800,115200
