bulk_corr,error,tot_seed,sample
0.044082671722097566,0.00017048410402338592,1800,115200
