bulk_corr,error,tot_seed,sample
0.016813333968346115,7.519655134830013e-05,1800,230400
