bulk_corr,error,tot_seed,sample
0.029180117800445146,0.00014792147383036703,1000,192000
