bulk_corr,error,tot_seed,sample
0.18330887956606776,0.0007278544957065523,3000,96000
