bulk_corr,error,tot_seed,sample
0.07052761750490096,0.0002148963282868313,1800,115200
