bulk_corr,error,tot_seed,sample
0.10663519503453427,0.00034972079391894695,1000,64000
