bulk_corr,error,tot_seed,sample
0.30074058529770514,0.0009664082757969359,900,28800
