bulk_corr,error,tot_seed,sample
0.008533902143799982,6.000369974300908e-05,1800,230400
