bulk_corr,error,tot_seed,sample
0.18792721413257135,0.0005430893761211055,1800,57600
