bulk_corr,error,tot_seed,sample
0.051397238135722584,0.00018002518208835345,1800,230400
