bulk_corr,error,tot_seed,sample
0.022074427181823543,0.0001456920463941192,1000,192000
