bulk_corr,error,tot_seed,sample
0.0019391951415755717,1.9900652297350614e-05,1000,256000
