bulk_corr,error,tot_seed,sample
0.0019678667233382985,2.1233063951375176e-05,900,230400
