bulk_corr,error,tot_seed,sample
0.05739404179053427,0.00017368370646844296,900,115200
