bulk_corr,error,tot_seed,sample
0.23025942789791315,0.0008780031802081303,2000,64000
