bulk_corr,error,tot_seed,sample
0.026709713125831473,8.020293809488041e-05,1800,230400
