bulk_corr,error,tot_seed,sample
0.026580860512816638,7.603579034351748e-05,2000,256000
