bulk_corr,error,tot_seed,sample
0.15377233208123584,0.00038216838224769937,1800,57600
