bulk_corr,error,tot_seed,sample
0.15384274467462541,0.0003630566418111544,2000,64000
