bulk_corr,error,tot_seed,sample
0.03200271523518897,0.00016802576314573243,2000,256000
