bulk_corr,error,tot_seed,sample
0.17497750494236058,0.0007248341358569658,3000,96000
