bulk_corr,error,tot_seed,sample
0.008045446574903897,0.00011804532959334938,1000,134400
