bulk_corr,error,tot_seed,sample
0.11713248870106857,0.00032998368019749436,3000,192000
