bulk_corr,error,tot_seed,sample
0.25669043726639607,0.0005988590535379513,1800,57600
