bulk_corr,error,tot_seed,sample
0.020067423013327586,0.0001687130249435481,2000,153600
