bulk_corr,error,tot_seed,sample
0.17274986259474356,0.0002734022319419753,3000,96000
