bulk_corr,error,tot_seed,sample
0.009350148185219117,3.796465788838489e-05,1800,460800
