bulk_corr,error,tot_seed,sample
0.01518289662400084,0.0001251076391329347,900,172800
