bulk_corr,error,tot_seed,sample
0.014975781953230165,0.00011918265907562535,1000,192000
