bulk_corr,error,tot_seed,sample
0.09306288495593676,0.0003274771690264878,3000,192000
