bulk_corr,error,tot_seed,sample
0.07395538116609247,0.0002957797463742534,3000,192000
