bulk_corr,error,tot_seed,sample
0.2763893104565126,0.0004921275260671862,2000,64000
