bulk_corr,error,tot_seed,sample
0.2764276467104917,0.0005181797703062445,1800,57600
