bulk_corr,error,tot_seed,sample
-1.2482839308235032e-05,3.680704358069437e-06,2000,512000
