bulk_corr,error,tot_seed,sample
-1.5339899781348638e-05,3.5160139356852477e-06,1800,460800
