bulk_corr,error,tot_seed,sample
0.14139557751215634,0.00045302204759985063,900,57600
