bulk_corr,error,tot_seed,sample
0.23002427502327205,0.0005198679376963624,3000,96000
