bulk_corr,error,tot_seed,sample
0.03582628397666573,0.00033142485219312144,1800,115200
