bulk_corr,error,tot_seed,sample
0.20516222142132365,0.0007012615681043816,3000,96000
