bulk_corr,error,tot_seed,sample
0.14355591478584878,0.0007149256448940693,3000,96000
