bulk_corr,error,tot_seed,sample
0.0005756311775420115,2.188267025841744e-05,1800,230400
