bulk_corr,error,tot_seed,sample
0.007216317851557577,3.5106184061677025e-05,1800,460800
