bulk_corr,error,tot_seed,sample
0.18734189241569763,0.0007160270809304474,3000,96000
