bulk_corr,error,tot_seed,sample
0.03179033429373311,0.00015308496771674753,3000,294400
