bulk_corr,error,tot_seed,sample
0.11888692891903783,0.0006378588523531793,2000,64000
