bulk_corr,error,tot_seed,sample
0.11929604034047468,0.0006739796671019084,1800,57600
