bulk_corr,error,tot_seed,sample
0.12042938819427017,0.0003153235643449051,3000,192000
