corr_etoe,error,Nseed,Nsample
2.380299176386978,0.010435145816191123,3000,3000
