corr_etoe,error,Nseed,Nsample
0.5417920604659622,0.039970924780618367,1000,1000
