corr_etoe,error,Nseed,Nsample
0.5272315407245985,0.02096162367301598,1000,1000
