corr_etoe,error,Nseed,Nsample
1.1032783324926918,0.01412752733158028,2000,2000
