bulk_corr,error,tot_seed,sample
7.672742165509219e-05,7.830605364204368e-06,900,230400
