bulk_corr,error,tot_seed,sample
0.11765508805002564,0.00032586620419015037,1000,64000
