bulk_corr,error,tot_seed,sample
0.03274203403527461,0.00015281195999202021,2500,307200
