bulk_corr,error,tot_seed,sample
0.020735189274160914,0.00015229436547786846,2000,256000
