bulk_corr,error,tot_seed,sample
0.02087815238727137,0.00016113347612700592,1800,230400
