corr_etoe,error,Nseed,Nsample
0.19866689974335758,0.00995099294948586,2000,2000
