corr_etoe,error,Nseed,Nsample
0.04144374046329385,0.0067137720659921065,1000,1000
