corr_etoe,error,Nseed,Nsample
0.3905646143174213,0.022836198399226716,1000,1000
