bulk_corr,error,tot_seed,sample
0.235542884445487,0.0007110680674784035,3000,96000
