bulk_corr,error,tot_seed,sample
0.22158968170079152,0.0007173906689520877,3000,96000
