bulk_corr,error,tot_seed,sample
0.07599847313064698,0.0006560483447237022,2000,64000
