bulk_corr,error,tot_seed,sample
0.07687179035451391,0.0006980705879459612,1800,57600
