bulk_corr,error,tot_seed,sample
0.03459576511819988,0.00014458264769802318,1000,192000
