bulk_corr,error,tot_seed,sample
0.026883715662118113,0.00016743429532204074,1800,230400
