bulk_corr,error,tot_seed,sample
0.027263769864969006,0.00015932422800761853,2000,256000
