corr_etoe,error,Nseed,Nsample
1.8402941933399204,0.011300199074047,3000,3000
