bulk_corr,error,tot_seed,sample
0.11572412568331583,0.00023845763918141678,1800,115200
