bulk_corr,error,tot_seed,sample
0.239075879009364,0.0008548222930647753,1800,57600
