bulk_corr,error,tot_seed,sample
0.0031458144069910106,4.721024509954681e-05,2000,511488
