bulk_corr,error,tot_seed,sample
0.003159193413924568,4.998301386399733e-05,1800,460544
