bulk_corr,error,tot_seed,sample
0.00598485220376723,5.218298695295486e-05,2000,512000
