bulk_corr,error,tot_seed,sample
0.045773500853126835,0.0001869675910429444,1800,115200
