bulk_corr,error,tot_seed,sample
0.14989404340594925,0.0007158662877473542,3000,96000
