bulk_corr,error,tot_seed,sample
0.03764101884840691,0.00017554592345622096,3000,230400
