bulk_corr,error,tot_seed,sample
0.0005868815045107151,3.378291670651017e-05,1800,447488
