bulk_corr,error,tot_seed,sample
0.00416353516689935,7.355464575788873e-05,1000,256000
