bulk_corr,error,tot_seed,sample
0.0003272274319750216,1.83998699628998e-05,900,230400
