bulk_corr,error,tot_seed,sample
0.06988843995039841,0.0003171642627757792,1800,115200
