bulk_corr,error,tot_seed,sample
0.09278802572702528,0.00018754334322176937,3000,96000
