bulk_corr,error,tot_seed,sample
0.003570991383332757,5.0552686940713995e-05,2000,511488
