bulk_corr,error,tot_seed,sample
0.07694094936847314,0.0002938429717053102,3000,192000
