corr_etoe,error,Nseed,Nsample
0.30123178883052976,0.020273817415451898,1000,1000
