bulk_corr,error,tot_seed,sample
0.06783580667100879,0.00018952974207849525,1800,115200
