bulk_corr,error,tot_seed,sample
0.0008561141142204771,1.422342507103948e-05,1000,256000
