bulk_corr,error,tot_seed,sample
0.0008482924408117135,1.4720297726416086e-05,900,230400
