ZL,error,Nseed,Nsample
-0.005088855095573426,0.004912888176934314,3000.0,3000.0
