ZL,error,Nseed,Nsample
-0.011387913295187485,0.009589492323952675,1000.0,1000.0
