ZL,error,Nseed,Nsample
0.001908988011969977,0.005486410834478811,3000.0,3000.0
