ZL,error,Nseed,Nsample
0.0016869047291225001,0.0052815551592371775,3000.0,3000.0
