bulk_corr,error,tot_seed,sample
0.005160625215091052,7.714191924783483e-05,900,115200
