bulk_corr,error,tot_seed,sample
0.05744716626231473,0.0001801404789495839,1800,115200
