bulk_corr,error,tot_seed,sample
0.05042273212670339,0.0001664605038651568,1800,230400
