bulk_corr,error,tot_seed,sample
-5.4396087356765294e-05,3.26640963077354e-06,1000,256000
