bulk_corr,error,tot_seed,sample
-5.051452820112742e-05,3.446762411499188e-06,900,230400
