bulk_corr,error,tot_seed,sample
0.009750192423407652,9.127814425750623e-05,1000,256000
