bulk_corr,error,tot_seed,sample
0.009794394223336753,9.55090509221887e-05,900,230400
