ZL,error,Nseed,Nsample
0.8662557248063786,0.0006545406658162166,3000.0,3000.0
