ZL,error,Nseed,Nsample
0.9035454279092029,0.0008649691748593185,3000.0,3000.0
