ZL,error,Nseed,Nsample
0.77494484571815,0.0008810216460182643,3000.0,3000.0
