ZL,error,Nseed,Nsample
0.9263773614772194,0.0005890598177797885,1000.0,1000.0
