bulk_corr,error,tot_seed,sample
0.006055361465969823,5.1724322925938067e-05,2000,512000
