bulk_corr,error,tot_seed,sample
0.07037152999154844,0.0003839884397424748,2000,128000
