bulk_corr,error,tot_seed,sample
0.1366975412747609,0.0003800450640964535,2000,128000
