bulk_corr,error,tot_seed,sample
0.21040898233807687,0.0007143547759437935,3000,96000
