bulk_corr,error,tot_seed,sample
0.11499345782797347,0.0003696829097536099,1800,115200
