bulk_corr,error,tot_seed,sample
0.04036400584663283,0.00014777726985093238,1800,230400
