bulk_corr,error,tot_seed,sample
0.2416077470039587,0.0008121497250523491,1800,57600
