bulk_corr,error,tot_seed,sample
0.01798062943279482,7.35073337650822e-05,1800,230400
