bulk_corr,error,tot_seed,sample
0.10162164222462834,0.00033285365287186343,3000,192000
