bulk_corr,error,tot_seed,sample
0.02428981932182695,0.00014812223968272572,1000,192021
