bulk_corr,error,tot_seed,sample
0.02784011151022989,0.0001361529889958152,1800,115200
