bulk_corr,error,tot_seed,sample
0.007579183212151083,3.5601363478779674e-05,1800,460800
