bulk_corr,error,tot_seed,sample
0.1524980285364642,0.0004475404098431926,900,57600
