bulk_corr,error,tot_seed,sample
0.036243740029914234,0.00011180574191560038,1000,192000
