bulk_corr,error,tot_seed,sample
0.09719280270011875,0.0002665459397168384,2000,128000
