bulk_corr,error,tot_seed,sample
0.004974957860278056,4.6866665296733165e-05,1000,256000
