bulk_corr,error,tot_seed,sample
0.05634274485103518,0.00047041200108966365,1800,57600
