bulk_corr,error,tot_seed,sample
0.006469542493815899,7.06208269612473e-05,1000,192000
