bulk_corr,error,tot_seed,sample
0.00043405399189251165,2.209975887165036e-05,1800,230400
