bulk_corr,error,tot_seed,sample
0.0162684812685342,0.00014210986189199155,2000,256000
