bulk_corr,error,tot_seed,sample
0.016284445200649873,0.00015026599398226212,1800,230400
