bulk_corr,error,tot_seed,sample
0.018505800956041814,7.652116613383841e-05,1800,460800
