bulk_corr,error,tot_seed,sample
0.0015795126947351727,4.4481300573752204e-05,1800,458240
