bulk_corr,error,tot_seed,sample
0.0062385322929549005,4.385527741117689e-05,1800,230400
