bulk_corr,error,tot_seed,sample
0.2393883939813059,0.0008624754864133807,2000,64000
