bulk_corr,error,tot_seed,sample
0.1338279835564978,0.00032910898422846646,1000,64000
