bulk_corr,error,tot_seed,sample
0.08632847807780379,0.00032053800865099554,3000,192000
