bulk_corr,error,tot_seed,sample
0.09214767953178325,0.0002899734706138981,3000,192000
