corr_etoe,error,Nseed,Nsample
2.153696091147166,0.009862567508072096,3000,3000
