bulk_corr,error,tot_seed,sample
0.06675338403205512,0.0003884710215547354,2000,64000
