bulk_corr,error,tot_seed,sample
0.06654458169450485,0.0004083327434254921,1800,57600
