bulk_corr,error,tot_seed,sample
0.1824489166048059,0.0007224049214092752,3000,96000
