bulk_corr,error,tot_seed,sample
0.0038428643229111658,2.4255137999683926e-05,1800,460800
