bulk_corr,error,tot_seed,sample
0.13881806772960084,0.000502844736136223,900,57600
