bulk_corr,error,tot_seed,sample
0.0049850249531426735,5.41553930678696e-05,1800,460800
