corr_etoe,error,Nseed,Nsample
2.365285615832165,0.011574419486489056,3000,3000
