bulk_corr,error,tot_seed,sample
0.2403135408629746,0.000520852909847996,3000,96000
