bulk_corr,error,tot_seed,sample
0.008937245837076896,5.5095190499835545e-05,1800,230400
