corr_etoe,error,Nseed,Nsample
0.7311446815233372,0.028960611516185064,2000,2000
