corr_etoe,error,Nseed,Nsample
2.0273608958784988,0.016787342047015263,2000,2000
