bulk_corr,error,tot_seed,sample
0.19810649540625264,0.000709360437698873,3000,96000
