bulk_corr,error,tot_seed,sample
0.12160594873831203,0.0003232358584412435,3000,192000
