bulk_corr,error,tot_seed,sample
0.03326789913195762,0.0001506719589289415,900,172800
