bulk_corr,error,tot_seed,sample
0.033315772103477255,0.00014266355457479712,1000,192000
