bulk_corr,error,tot_seed,sample
0.02093594472286376,8.123529864358624e-05,1800,230400
