bulk_corr,error,tot_seed,sample
0.15123440912396102,0.00047747291869663575,1000,64000
