ZL,error,Nseed,Nsample
0.3260541643661528,0.0049423367800016035,3000.0,3000.0
