ZL,error,Nseed,Nsample
0.272688174092405,0.006698394229561893,3000.0,3000.0
