ZL,error,Nseed,Nsample
0.12023093821373984,0.013729290923538917,1000.0,1000.0
