ZL,error,Nseed,Nsample
0.2150862502369649,0.007554151748845426,3000.0,3000.0
