bulk_corr,error,tot_seed,sample
0.0008074275519113168,3.9968737277659e-05,1800,454656
