bulk_corr,error,tot_seed,sample
0.005129961350795194,3.217984537355619e-05,1800,460800
