ZL,error,Nseed,Nsample
0.8999671089047886,0.002374370943267737,1000.0,1000.0
