ZL,error,Nseed,Nsample
0.8716557341546576,0.0014896134764104672,3000.0,3000.0
