ZL,error,Nseed,Nsample
0.8267197664498349,0.0012345640698075034,3000.0,3000.0
