ZL,error,Nseed,Nsample
0.71643369663936,0.001100587642149681,3000.0,3000.0
