bulk_corr,error,tot_seed,sample
0.06389499489401086,0.00030604673410778246,3000,192000
