bulk_corr,error,tot_seed,sample
0.016801049927357557,8.505298982507806e-05,1800,230400
