bulk_corr,error,tot_seed,sample
0.010932274415924233,9.393016477746374e-05,1000,256000
