bulk_corr,error,tot_seed,sample
0.0830218569798134,0.000662459254565674,2000,64000
