bulk_corr,error,tot_seed,sample
0.08272591299539897,0.0006965172012545745,1800,57600
