bulk_corr,error,tot_seed,sample
0.10021893817245664,0.00038118748289730006,1800,57600
