bulk_corr,error,tot_seed,sample
0.10030392774919397,0.00036103210884887214,2000,64000
