bulk_corr,error,tot_seed,sample
0.0002759295309030124,7.1847400686578855e-06,900,230400
