bulk_corr,error,tot_seed,sample
0.00025092099999731045,6.602438276249034e-06,1000,256000
