bulk_corr,error,tot_seed,sample
0.09711946048122248,0.0003200755356826939,3000,192000
