bulk_corr,error,tot_seed,sample
0.10665548204848818,0.0005994961041288767,900,57600
