bulk_corr,error,tot_seed,sample
0.012693741414653955,5.0282761317731145e-05,1800,230400
