ZL,error,Nseed,Nsample
0.6535517441585537,0.009198755932763399,1000.0,1000.0
