ZL,error,Nseed,Nsample
0.38991238865550976,0.004999996287284622,3000.0,3000.0
