ZL,error,Nseed,Nsample
0.5395611890219396,0.005045859078514754,3000.0,3000.0
