bulk_corr,error,tot_seed,sample
-0.0005627558275238949,1.652322472846283e-05,1800,230400
