bulk_corr,error,tot_seed,sample
0.14767709533125503,0.0005093338241445211,1000,64000
