bulk_corr,error,tot_seed,sample
0.01762867047445337,0.00012734784521332626,3000,281600
