ZL,error,Nseed,Nsample
0.5686210993419069,0.008173346620824097,1000.0,1000.0
