ZL,error,Nseed,Nsample
0.3301956891735371,0.004394117191060911,3000.0,3000.0
