ZL,error,Nseed,Nsample
0.5235243395659462,0.00469220243231492,3000.0,3000.0
