ZL,error,Nseed,Nsample
0.4489383145397758,0.004670645070357195,3000.0,3000.0
