bulk_corr,error,tot_seed,sample
0.039806020565715625,0.00017768408422382992,3000,243200
