bulk_corr,error,tot_seed,sample
0.07167794691110234,0.00021544342961219074,1800,115200
