bulk_corr,error,tot_seed,sample
-2.430615862070132e-05,3.2915571841592956e-06,1500,384000
