corr_etoe,error,Nseed,Nsample
0.9260732181650269,0.05484050960604675,1000,1000
