corr_etoe,error,Nseed,Nsample
1.8418836455064604,0.022086544145299203,3000,3000
