bulk_corr,error,tot_seed,sample
0.05403661380843114,0.00017755018553073455,2000,256000
