corr_etoe,error,Nseed,Nsample
0.2652626092158863,0.017979331749397618,1000,1000
