bulk_corr,error,tot_seed,sample
0.2602504878778292,0.0006856430286278849,3000,96000
