bulk_corr,error,tot_seed,sample
0.08305184664398879,0.00020953270508969736,1800,115200
