bulk_corr,error,tot_seed,sample
0.2611740345103626,0.0012310195651322163,900,28800
