bulk_corr,error,tot_seed,sample
0.07696143956182706,0.0003165347340597497,3000,192000
