bulk_corr,error,tot_seed,sample
0.12818370649231528,0.0005721530841108991,900,57600
