bulk_corr,error,tot_seed,sample
0.27394747724889235,0.0005275994526121589,3000,96000
