bulk_corr,error,tot_seed,sample
0.08303154923592282,0.0003206617417693126,3000,192000
