bulk_corr,error,tot_seed,sample
0.0044978328194911705,4.565479631181444e-05,1800,460800
