bulk_corr,error,tot_seed,sample
0.004601195876221029,4.353769156614477e-05,2000,512000
