bulk_corr,error,tot_seed,sample
0.004275514061916895,6.999614040478987e-05,1000,256000
