bulk_corr,error,tot_seed,sample
0.29595321403646974,0.0010529616301310119,900,28800
