bulk_corr,error,tot_seed,sample
0.08793520990252494,0.0003086125396154108,3000,192000
