bulk_corr,error,tot_seed,sample
0.00848255520347608,6.1325903540976e-05,1800,460800
