bulk_corr,error,tot_seed,sample
0.008674249011132035,5.773096944557519e-05,2000,512000
