bulk_corr,error,tot_seed,sample
0.05493983469964144,0.00018181840349800748,1800,230400
