bulk_corr,error,tot_seed,sample
0.01469773238422581,4.2676344894707604e-05,1800,460800
