bulk_corr,error,tot_seed,sample
0.02652667874372768,0.00013283895549003256,3000,320000
