bulk_corr,error,tot_seed,sample
0.1338069902613394,0.0007330125266924838,2000,64000
