bulk_corr,error,tot_seed,sample
0.1333754820943465,0.000770879472088112,1800,57600
