bulk_corr,error,tot_seed,sample
0.12080352888751648,0.0003248650768607453,3000,192000
