bulk_corr,error,tot_seed,sample
0.18483318332209608,0.00036938364865180174,1800,57600
