bulk_corr,error,tot_seed,sample
0.0657517092728769,0.00022874334453208976,1000,128000
