bulk_corr,error,tot_seed,sample
0.0034517025351064215,4.7570050387608725e-05,1800,460800
