bulk_corr,error,tot_seed,sample
0.1045747540216015,0.00034841158020094954,1000,64000
