bulk_corr,error,tot_seed,sample
0.009843803398135266,0.00012279998697035233,1000,134400
