bulk_corr,error,tot_seed,sample
0.03403507430608577,0.0001414557259937105,1800,230400
