corr_etoe,error,Nseed,Nsample
0.2034110303218053,0.023318361405386772,1000,1000
