corr_etoe,error,Nseed,Nsample
1.9720936680850014,0.011490578581840211,3000,3000
