corr_etoe,error,Nseed,Nsample
0.23845149261623216,0.023501277546136453,1000,1000
