bulk_corr,error,tot_seed,sample
0.006851090713769589,4.385856504367969e-05,1800,230400
