bulk_corr,error,tot_seed,sample
0.009579058185210404,6.860972010447405e-05,1800,460800
