ZL,error,Nseed,Nsample
0.7162557019032262,0.0034038355695709447,3000.0,3000.0
