ZL,error,Nseed,Nsample
0.6049196867874633,0.0030530626714099047,3000.0,3000.0
