ZL,error,Nseed,Nsample
0.7818156338853705,0.0071169850945758525,1000.0,1000.0
