ZL,error,Nseed,Nsample
0.7669147764192733,0.003638456449697121,3000.0,3000.0
