bulk_corr,error,tot_seed,sample
0.05638810657124398,0.00017122518993994837,1800,230400
