bulk_corr,error,tot_seed,sample
0.024547758697158452,9.33870755262474e-05,900,230400
