bulk_corr,error,tot_seed,sample
0.21235902811571505,0.0006976722159541802,3000,96000
