bulk_corr,error,tot_seed,sample
0.022936074093378993,7.241376051588779e-05,2000,512000
