bulk_corr,error,tot_seed,sample
0.00684435239379762,6.042379322217341e-05,2000,511744
