bulk_corr,error,tot_seed,sample
0.006822999852563289,6.348028502903074e-05,1800,460544
