bulk_corr,error,tot_seed,sample
0.003490658935885336,5.066347245378408e-05,2000,512000
