bulk_corr,error,tot_seed,sample
0.17888252992262765,0.0004886058713959414,1800,57600
