corr_etoe,error,Nseed,Nsample
0.2260096925916624,0.01577032236127982,1000,1000
