bulk_corr,error,tot_seed,sample
0.0018142776809149646,0.00010918658827056668,1800,115200
