bulk_corr,error,tot_seed,sample
0.03968004529299748,0.00017520129742223335,2000,256000
