bulk_corr,error,tot_seed,sample
0.03889717128201597,0.00013940780782488598,3000,358400
