corr_etoe,error,Nseed,Nsample
0.9648599767907619,0.01440245113812337,2000,2000
