bulk_corr,error,tot_seed,sample
0.10414427064416179,0.0002783494152543064,3000,192000
