bulk_corr,error,tot_seed,sample
0.11378802257302278,0.0003243220307428144,3000,192000
