ZL,error,Nseed,Nsample
0.701351628504066,0.003420090257348574,3000.0,3000.0
