ZL,error,Nseed,Nsample
0.46070280819188886,0.004099859588371641,3000.0,3000.0
