ZL,error,Nseed,Nsample
0.6241110433911919,0.0037056562690318384,3000.0,3000.0
