ZL,error,Nseed,Nsample
0.7453299521191431,0.005697438742933083,1000.0,1000.0
