bulk_corr,error,tot_seed,sample
0.25841191490979315,0.0005132991789275188,1800,57600
