bulk_corr,error,tot_seed,sample
0.13328171097660335,0.00038923036187337573,1800,115200
