bulk_corr,error,tot_seed,sample
0.015427403729632949,0.00011714298276406068,1800,115200
