bulk_corr,error,tot_seed,sample
0.11416151612691015,0.00033005154035355204,3000,192000
