bulk_corr,error,tot_seed,sample
0.18083966600080925,0.0007283256234353943,3000,96000
