bulk_corr,error,tot_seed,sample
0.006791876214328492,6.13886857311061e-05,2000,511744
