bulk_corr,error,tot_seed,sample
0.019369173287544297,6.970235670574546e-05,1800,460800
