bulk_corr,error,tot_seed,sample
0.019392418052474873,6.628429083987381e-05,2000,512000
