bulk_corr,error,tot_seed,sample
0.12342474227916561,0.0003223199744695367,3000,192000
