bulk_corr,error,tot_seed,sample
0.28304653311702926,0.0007895675308882504,2000,64000
