ZL,error,Nseed,Nsample
-0.6299278991420836,0.005080797922007093,3000.0,3000.0
