ZL,error,Nseed,Nsample
-0.45477649075944676,0.004781032003592625,3000.0,3000.0
