ZL,error,Nseed,Nsample
-0.7067410266332632,0.010807011976349788,1000.0,1000.0
