ZL,error,Nseed,Nsample
-0.6886375111377161,0.005846165325490098,3000.0,3000.0
