bulk_corr,error,tot_seed,sample
0.039460330369176365,0.00015550988979564148,1800,115200
