bulk_corr,error,tot_seed,sample
0.16665854396785387,0.0007281854102621238,3000,96000
