bulk_corr,error,tot_seed,sample
0.006120043136601635,0.00011212077394826922,1800,228992
