bulk_corr,error,tot_seed,sample
0.06660972236394379,0.0005317425747135086,300,9600
