bulk_corr,error,tot_seed,sample
0.028537566712564102,0.0001922916202628597,1800,115200
