bulk_corr,error,tot_seed,sample
0.016134394239364556,9.869714862984404e-05,900,230400
