bulk_corr,error,tot_seed,sample
-5.293283609582248e-05,3.5350862370644027e-06,900,230400
