bulk_corr,error,tot_seed,sample
-6.0126286435236166e-05,3.961662331709078e-06,1000,256000
