bulk_corr,error,tot_seed,sample
0.0001509921607772865,4.714329694160237e-06,900,230400
