bulk_corr,error,tot_seed,sample
0.00015993116887687503,4.8163587750685066e-06,1000,256000
