bulk_corr,error,tot_seed,sample
0.009676401666691363,6.919599758456765e-05,1800,230400
