bulk_corr,error,tot_seed,sample
0.0013048563694653041,3.349320564977938e-05,2000,511744
