bulk_corr,error,tot_seed,sample
0.0013312620833691375,3.487477610967399e-05,1800,460544
