bulk_corr,error,tot_seed,sample
0.0038043720060390233,5.181402688751368e-05,2000,512000
