bulk_corr,error,tot_seed,sample
0.21510297052243912,0.0007288763491497997,3000,96000
