bulk_corr,error,tot_seed,sample
0.14096910849632607,0.00038861235380887,1800,115200
