bulk_corr,error,tot_seed,sample
0.06195358443244178,0.000300821121068145,1800,115200
