bulk_corr,error,tot_seed,sample
5.705966557620429e-05,9.194820366506167e-06,1800,460800
