bulk_corr,error,tot_seed,sample
0.22916280096771297,0.00039743755895299104,3000,96000
