bulk_corr,error,tot_seed,sample
0.09336992871391235,0.00044228427076264113,1800,57600
