bulk_corr,error,tot_seed,sample
0.010126299540187116,5.098856818357572e-05,1800,230400
