bulk_corr,error,tot_seed,sample
0.28378384856954314,0.0007861150681554549,2000,64000
