bulk_corr,error,tot_seed,sample
0.22222596566121372,0.0006848705777977459,3000,96000
