corr_etoe,error,Nseed,Nsample
0.9005853650427927,0.017258174427370192,2000,2000
