corr_etoe,error,Nseed,Nsample
0.4358157349282496,0.01594251453551105,2000,2000
