ZL,error,Nseed,Nsample
0.836131558455242,0.0028071645108376946,3000.0,1871.0
