ZL,error,Nseed,Nsample
0.6035317278708576,0.00281641874543129,3000.0,3000.0
