ZL,error,Nseed,Nsample
0.8458490259535665,0.004026040959658469,1000.0,1000.0
