ZL,error,Nseed,Nsample
0.7470046553383208,0.0022853538479268333,3000.0,3000.0
