bulk_corr,error,tot_seed,sample
0.12888657109082693,0.0002975086025794369,1800,57600
