bulk_corr,error,tot_seed,sample
0.11769312676751087,0.0002111402916109162,3000,96000
