bulk_corr,error,tot_seed,sample
0.08409641189147758,0.0003107198276294277,3000,192000
