bulk_corr,error,tot_seed,sample
0.276285598741766,0.000811495841313345,2000,64000
