bulk_corr,error,tot_seed,sample
0.0035255244812325433,7.265564485902616e-05,1000,256000
