bulk_corr,error,tot_seed,sample
0.25503828209892726,0.0006960184794857388,3000,96000
