bulk_corr,error,tot_seed,sample
0.0012248382893460582,2.4633467925473233e-05,1800,460800
