bulk_corr,error,tot_seed,sample
4.0182393496719396e-05,4.734853287735932e-06,1800,460800
