bulk_corr,error,tot_seed,sample
4.2580899223110065e-05,5.03253451407227e-06,2000,512000
