bulk_corr,error,tot_seed,sample
0.29103688314768567,0.0010537447382097075,900,28800
