bulk_corr,error,tot_seed,sample
0.0037295231202732117,8.043301579718602e-05,1800,229888
