bulk_corr,error,tot_seed,sample
0.020214445034477144,0.00012777034703421962,2600,320000
