bulk_corr,error,tot_seed,sample
0.02022374841182154,0.0001250857651468676,2700,332800
