bulk_corr,error,tot_seed,sample
0.07660489292310174,0.000396158223793702,2000,128000
