bulk_corr,error,tot_seed,sample
0.012508587151355477,0.00012948143576002998,1000,192026
