bulk_corr,error,tot_seed,sample
0.1430109250945278,0.0007080368777159197,3000,96000
