corr_etoe,error,Nseed,Nsample
0.043619545660320974,0.006756475396635323,1000,1000
