corr_etoe,error,Nseed,Nsample
0.024782913133461076,0.005432005653930195,1000,1000
