corr_etoe,error,Nseed,Nsample
0.45041022119728036,0.022061838568803078,1000,1000
