bulk_corr,error,tot_seed,sample
0.03396382190278138,0.0001670100061618098,1800,115200
