bulk_corr,error,tot_seed,sample
0.14250005664519838,0.00041645998376022367,900,57600
