bulk_corr,error,tot_seed,sample
0.0008530497016145831,1.2745840702676726e-05,900,230400
