bulk_corr,error,tot_seed,sample
0.0008728050614240924,1.2869935286951106e-05,1000,256000
