bulk_corr,error,tot_seed,sample
0.006143064303221641,0.00011226671329667018,1800,228224
