corr_etoe,error,Nseed,Nsample
0.39298775079658577,0.03310678499961727,1000,1000
