corr_etoe,error,Nseed,Nsample
0.17826170025557467,0.028910484702470485,1000,1000
