corr_etoe,error,Nseed,Nsample
0.9565414773574691,0.02963378520347793,1000,1000
