corr_etoe,error,Nseed,Nsample
1.3667650268200817,0.017469478683646456,1000,1000
