bulk_corr,error,tot_seed,sample
0.004524630952192136,5.6875183286126815e-05,1800,460800
