bulk_corr,error,tot_seed,sample
0.02395927367542916,9.762898264776941e-05,1800,230400
