bulk_corr,error,tot_seed,sample
0.11922084422710229,0.00033015026534762037,3000,192000
