bulk_corr,error,tot_seed,sample
0.06061405533096704,0.00017051054187131623,2000,256000
