bulk_corr,error,tot_seed,sample
0.030357145371916094,0.0001361198546322299,1000,128000
