bulk_corr,error,tot_seed,sample
0.304678782787472,0.0008709124679678142,900,28800
