bulk_corr,error,tot_seed,sample
0.004313914832249312,4.119469851529794e-05,1800,230400
