corr_etoe,error,Nseed,Nsample
1.5499488245958064,0.010460687404655009,3000,3000
