corr_etoe,error,Nseed,Nsample
0.6627649190835958,0.03420463172419238,1000,1000
