corr_etoe,error,Nseed,Nsample
0.1208821097787496,0.006808513427327524,2000,2000
