bulk_corr,error,tot_seed,sample
0.060033503296758,0.00029816709206072006,1800,115200
