bulk_corr,error,tot_seed,sample
0.15329142387234393,0.0009256837559177708,1800,57600
