bulk_corr,error,tot_seed,sample
0.1532804289803645,0.0008788934454571939,2000,64000
