bulk_corr,error,tot_seed,sample
0.02840016845316749,0.00017185819907351111,2500,192000
