bulk_corr,error,tot_seed,sample
0.02918795143275403,0.0001586864488018315,2500,268800
