bulk_corr,error,tot_seed,sample
0.21621162036296654,0.00039827114507784975,3000,96000
