bulk_corr,error,tot_seed,sample
0.11855836386920071,0.00037486864010207474,1800,115200
