ZL,error,Nseed,Nsample
-0.5586864215229165,0.005147950971578305,3000.0,3000.0
