ZL,error,Nseed,Nsample
-0.44440629800029136,0.004994638360931442,3000.0,3000.0
