ZL,error,Nseed,Nsample
-0.6154626395198198,0.009459323519389015,1000.0,1000.0
