ZL,error,Nseed,Nsample
-0.2123052580192727,0.005418273537701237,3000.0,3000.0
