bulk_corr,error,tot_seed,sample
0.20209332975838828,0.0007298954224128207,3000,96000
