bulk_corr,error,tot_seed,sample
0.06356900638468929,0.00016783029831379158,2000,256000
