corr_etoe,error,Nseed,Nsample
2.1839164424663333,0.010109262127291524,3000,3000
