bulk_corr,error,tot_seed,sample
0.29691589133159296,0.0010710003156774765,900,28800
