bulk_corr,error,tot_seed,sample
0.2939945454094714,0.0010745477334871156,1000,32000
