bulk_corr,error,tot_seed,sample
0.09334719832135135,0.00035579748009013457,1800,115200
