bulk_corr,error,tot_seed,sample
0.049526557025678784,0.0001766528649136868,2000,256000
