corr_etoe,error,Nseed,Nsample
0.026741286562395317,0.005457285361587337,1000,1000
