corr_etoe,error,Nseed,Nsample
0.4169824145897345,0.02200109518424145,1000,1000
