bulk_corr,error,tot_seed,sample
0.0039493788564241815,7.669323784617177e-05,1000,256000
