corr_etoe,error,Nseed,Nsample
0.7764068593044743,0.01441186790453825,3000,3000
