corr_etoe,error,Nseed,Nsample
0.6008258065859435,0.013908695619314276,3000,3000
