bulk_corr,error,tot_seed,sample
0.1617775595841968,0.0004471124827189545,1800,57600
