bulk_corr,error,tot_seed,sample
0.06118240737545128,0.00017140208512754883,2000,256000
