bulk_corr,error,tot_seed,sample
0.021893110903294023,7.177927277753944e-05,2000,512000
