bulk_corr,error,tot_seed,sample
0.07842874108170615,0.00075778092659131,1800,57600
