bulk_corr,error,tot_seed,sample
0.09432717205394439,0.00032757609170738853,3000,192000
