bulk_corr,error,tot_seed,sample
0.20764403709245008,0.0007282392163420927,3000,96000
