bulk_corr,error,tot_seed,sample
0.09660172134015547,0.0003309208724772223,3000,192000
