bulk_corr,error,tot_seed,sample
0.07704341801705866,0.00029268833501131045,3000,192000
