bulk_corr,error,tot_seed,sample
0.005239720133467232,4.96002407688826e-05,2000,512000
