bulk_corr,error,tot_seed,sample
0.24179077806115035,0.0007043564174819191,3000,96000
