corr_etoe,error,Nseed,Nsample
0.3294590385026568,0.024086718926288497,1000,1000
