corr_etoe,error,Nseed,Nsample
0.2272838970420247,0.022421881828916954,1000,1000
