corr_etoe,error,Nseed,Nsample
1.2396524505121496,0.014418610759365902,1000,1000
