corr_etoe,error,Nseed,Nsample
0.5421561199401036,0.025128636254213826,1000,1000
