corr_etoe,error,Nseed,Nsample
0.9720273200630118,0.021655238654404253,1000,1000
