bulk_corr,error,tot_seed,sample
0.15692668805648896,0.000718156116135363,3000,96000
