bulk_corr,error,tot_seed,sample
0.07018306939777462,0.00031217480265138467,3000,192000
