corr_etoe,error,Nseed,Nsample
0.26565404955687116,0.02339757539620003,1000,1000
