bulk_corr,error,tot_seed,sample
0.0078073986018902235,0.00012237634989446406,1800,228992
