bulk_corr,error,tot_seed,sample
0.09184692145337728,0.00018536014004512724,3000,96000
