bulk_corr,error,tot_seed,sample
0.03940595879049125,0.0003612913286288074,1800,115200
