bulk_corr,error,tot_seed,sample
0.08301882097720924,0.0004234032743147921,1800,57600
