bulk_corr,error,tot_seed,sample
0.004326883465259985,4.952791984775741e-05,2000,512000
