corr_etoe,error,Nseed,Nsample
0.2549029424113175,0.010459766861019657,2000,2000
