corr_etoe,error,Nseed,Nsample
0.3615697622012694,0.011550555365578722,2000,2000
