bulk_corr,error,tot_seed,sample
0.041470978086139976,0.00022277243943552002,1800,115200
