bulk_corr,error,tot_seed,sample
0.021491295259711465,7.156860907264677e-05,2000,512000
