bulk_corr,error,tot_seed,sample
0.17466678867498933,0.0007272433183354971,3000,96000
