bulk_corr,error,tot_seed,sample
0.010244010667889668,9.879869354088245e-05,1800,115200
