bulk_corr,error,tot_seed,sample
0.0003557527904150501,1.5483983025311648e-05,900,230400
