bulk_corr,error,tot_seed,sample
0.19008678277300922,0.00070396105724833,3000,96000
