bulk_corr,error,tot_seed,sample
0.1461259717878474,0.0007163338002218962,3000,96000
