bulk_corr,error,tot_seed,sample
-6.392377079013543e-05,2.9682287868348986e-06,1800,460800
