ZL,error,Nseed,Nsample
0.8058147360700721,0.0005115666719015273,3000.0,3000.0
