ZL,error,Nseed,Nsample
0.9179044860779212,0.0002890554741479674,3000.0,3000.0
