ZL,error,Nseed,Nsample
0.8853651558628751,0.0004102708752326069,3000.0,3000.0
