ZL,error,Nseed,Nsample
0.9356601139039824,0.000882919584853083,1000.0,1000.0
