bulk_corr,error,tot_seed,sample
0.006526416952572549,6.178356021337539e-05,1800,460800
