bulk_corr,error,tot_seed,sample
0.2876084361020792,0.0007673888841175387,2000,64000
