bulk_corr,error,tot_seed,sample
0.0013885477576506334,1.7411859721424988e-05,1000,252928
