bulk_corr,error,tot_seed,sample
0.0013842415241638287,1.8862031756701435e-05,900,227328
