corr_etoe,error,Nseed,Nsample
0.1315354339192791,0.011390937552152081,1000,1000
