corr_etoe,error,Nseed,Nsample
0.4640714640045943,0.013872102845833166,2000,2000
