corr_etoe,error,Nseed,Nsample
0.29017857533497987,0.011588635044915288,2000,2000
