bulk_corr,error,tot_seed,sample
0.016010232401888688,7.492037462266538e-05,1000,192000
