bulk_corr,error,tot_seed,sample
0.025616957212925513,0.0001595609505361907,2000,256000
