bulk_corr,error,tot_seed,sample
0.20035218974820873,0.0007257194267826651,3000,96000
