bulk_corr,error,tot_seed,sample
0.031896996433080534,0.00032991337409006766,1800,115200
