bulk_corr,error,tot_seed,sample
0.0008818661033918504,1.6609254214318764e-05,900,230400
