bulk_corr,error,tot_seed,sample
0.0009054422362961167,1.5167278286328445e-05,1000,256000
