bulk_corr,error,tot_seed,sample
0.018184778342432487,7.211974518076046e-05,900,230400
