bulk_corr,error,tot_seed,sample
0.06322051868535276,0.00022728188622060113,1000,128000
