bulk_corr,error,tot_seed,sample
0.008960858379938064,6.424572701457974e-05,2000,512000
