bulk_corr,error,tot_seed,sample
0.06082051477046829,0.0002336526130606809,1000,128000
