bulk_corr,error,tot_seed,sample
0.07624173351053057,0.0003053156035074726,3000,192000
