bulk_corr,error,tot_seed,sample
0.12450272982377053,0.00037857356102980713,1800,115200
