bulk_corr,error,tot_seed,sample
0.10382473289637605,0.0008457938471507476,1800,57600
