corr_etoe,error,Nseed,Nsample
1.4928672416890365,0.010430278270447794,3000,3000
