corr_etoe,error,Nseed,Nsample
0.6315018318401963,0.032668188315435345,1000,1000
