bulk_corr,error,tot_seed,sample
0.05395870214390737,0.00020810375416782293,1800,115200
