bulk_corr,error,tot_seed,sample
0.0039040148591858183,7.561149569150814e-05,1000,256000
