bulk_corr,error,tot_seed,sample
0.22666114204909554,0.0007060227560266115,3000,96000
