bulk_corr,error,tot_seed,sample
0.028849025722376707,0.00014488105976220346,1800,115200
