corr_etoe,error,Nseed,Nsample
0.2728848282938013,0.01969122025714342,1000,1000
