bulk_corr,error,tot_seed,sample
0.2986198788232307,0.0008752331831100733,900,28800
