bulk_corr,error,tot_seed,sample
0.25473555982436125,0.0006680785246119375,3000,96000
