bulk_corr,error,tot_seed,sample
0.09086707282163549,0.00028657665055242695,1800,115200
