bulk_corr,error,tot_seed,sample
0.10855700288373694,0.0005951673906745107,900,57600
