bulk_corr,error,tot_seed,sample
0.05553024034816789,0.0003120115726493063,900,57600
