bulk_corr,error,tot_seed,sample
0.03768714383997677,0.0001593375609022804,1800,230400
