bulk_corr,error,tot_seed,sample
0.009345754291188255,0.00010268131679389774,900,172800
