bulk_corr,error,tot_seed,sample
0.00922438858046,9.691267720791167e-05,1000,192000
