corr_etoe,error,Nseed,Nsample
2.000819983788415,0.01061786276772635,3000,3000
