bulk_corr,error,tot_seed,sample
0.05577805751715582,0.0002618058302877607,900,115200
