bulk_corr,error,tot_seed,sample
0.01975293634549921,0.0002772331483679448,500,64000
