ZL,error,Nseed,Nsample
-0.42648411891062205,0.01701527636870319,1000.0,1000.0
