ZL,error,Nseed,Nsample
-0.31468462269420067,0.008591619216388655,3000.0,3000.0
