ZL,error,Nseed,Nsample
-0.36203195310741865,0.01059617921978192,2500.0,2500.0
