ZL,error,Nseed,Nsample
-0.12287932893145652,0.007332329164006619,3000.0,3000.0
