bulk_corr,error,tot_seed,sample
0.019064119037206416,7.081148936112348e-05,2000,512000
