bulk_corr,error,tot_seed,sample
0.01007759849589156,5.160234622439672e-05,1800,230400
