bulk_corr,error,tot_seed,sample
0.09626791544494366,0.00033236917670331995,3000,192000
