bulk_corr,error,tot_seed,sample
0.22283468806451662,0.0007046207051860528,3000,96000
