bulk_corr,error,tot_seed,sample
0.034007709295084974,0.00023853438703904544,1000,128000
