bulk_corr,error,tot_seed,sample
0.03368620874396696,0.0002516961150600746,900,115200
