bulk_corr,error,tot_seed,sample
0.005769872010099783,4.623657507702456e-05,1800,460800
