bulk_corr,error,tot_seed,sample
0.026856256813481045,0.00014754358498340339,3000,307200
