bulk_corr,error,tot_seed,sample
0.22301508561468494,0.0003995491593254716,3000,96000
