corr_etoe,error,Nseed,Nsample
0.4047816668468363,0.022899585611152625,1000,1000
