corr_etoe,error,Nseed,Nsample
0.04817588494298342,0.006561476417196423,1000,1000
