bulk_corr,error,tot_seed,sample
0.0009562556988503541,7.444434735764633e-05,1800,115200
