bulk_corr,error,tot_seed,sample
0.021396167991730913,7.912153693985665e-05,900,230400
