bulk_corr,error,tot_seed,sample
0.29854501823102764,0.001055069138619755,1000,32000
