bulk_corr,error,tot_seed,sample
0.012856471598163279,9.681982100234422e-05,1000,256000
