bulk_corr,error,tot_seed,sample
0.012996608899647625,0.00010105829204468701,1800,230400
