bulk_corr,error,tot_seed,sample
0.021942727866064868,0.0001992082052987695,1500,140800
