bulk_corr,error,tot_seed,sample
0.09225447545766338,0.0006937159061164516,1800,57600
