bulk_corr,error,tot_seed,sample
0.0921358547903777,0.0006595286913903716,2000,64000
