bulk_corr,error,tot_seed,sample
0.007095831103434923,5.1121221409712376e-05,1800,230400
