bulk_corr,error,tot_seed,sample
0.14828336146165452,0.0005067387713504124,900,57600
