bulk_corr,error,tot_seed,sample
0.14468980624140476,0.00044889541784815304,900,57600
