bulk_corr,error,tot_seed,sample
0.05197074851582509,0.00012955886697309642,1800,230400
