bulk_corr,error,tot_seed,sample
0.051686375422907146,0.00012246426974385372,2000,256000
