bulk_corr,error,tot_seed,sample
0.002865228207310804,5.804743693781508e-05,900,115200
