bulk_corr,error,tot_seed,sample
0.014099382982362884,4.623939054592931e-05,1800,460800
