bulk_corr,error,tot_seed,sample
0.014309414159100519,4.374625073022879e-05,2000,512000
