bulk_corr,error,tot_seed,sample
0.015760546349194778,7.020346021099733e-05,900,230400
