ZL,error,Nseed,Nsample
0.46148381518135906,0.0051272668696676635,3000.0,3000.0
