ZL,error,Nseed,Nsample
0.4096811397790606,0.0038496148695334304,3000.0,3000.0
