ZL,error,Nseed,Nsample
0.45157443086390575,0.011878456787079198,1000.0,1000.0
