ZL,error,Nseed,Nsample
0.4657139739704121,0.006030182836272684,3000.0,3000.0
