bulk_corr,error,tot_seed,sample
0.16985336213778873,0.0007962685546095539,1800,57600
