bulk_corr,error,tot_seed,sample
0.043641749488280555,0.00024058192241386056,1000,128000
