bulk_corr,error,tot_seed,sample
0.3162550613740182,0.0008798624998179299,900,28800
