bulk_corr,error,tot_seed,sample
0.019426064257621903,7.255160933375239e-05,1800,230400
