bulk_corr,error,tot_seed,sample
0.0004820095565954471,1.2118789373853665e-05,1800,460800
