bulk_corr,error,tot_seed,sample
0.047645682078729136,0.0002496765570999646,900,115200
