bulk_corr,error,tot_seed,sample
0.26256753087672036,0.0006778224738807608,3000,96000
