bulk_corr,error,tot_seed,sample
-0.0006031972337764614,1.7099328802765448e-05,1800,230400
