bulk_corr,error,tot_seed,sample
0.09065753812459815,0.00031079734172570765,3000,192000
