bulk_corr,error,tot_seed,sample
0.28033786946304023,0.0007362461081892848,1000,32000
