bulk_corr,error,tot_seed,sample
0.13989881336595292,0.0003003270364800484,3000,192000
