bulk_corr,error,tot_seed,sample
0.18917616605797458,0.0007342530566786945,3000,96000
