bulk_corr,error,tot_seed,sample
0.0035944636762900817,9.018676509323327e-05,1800,227840
