bulk_corr,error,tot_seed,sample
0.2084501319747916,0.00071265356297179,3000,96000
