bulk_corr,error,tot_seed,sample
0.30150102696883024,0.0009750287330189469,900,28800
