bulk_corr,error,tot_seed,sample
0.1478315862697036,0.00035366013965488656,1800,115200
