bulk_corr,error,tot_seed,sample
0.267591034872491,0.0005239913977864561,3000,96000
