bulk_corr,error,tot_seed,sample
0.12550538238459996,0.00022493389876415638,3000,96000
