bulk_corr,error,tot_seed,sample
0.29233781421462607,0.0010783501557729937,1000,32000
