bulk_corr,error,tot_seed,sample
0.02269118480189518,0.00013109281458001257,1800,115200
