bulk_corr,error,tot_seed,sample
0.0007780506200919137,1.41474004001095e-05,900,230400
