bulk_corr,error,tot_seed,sample
0.0007837543431724412,1.3367314214709831e-05,1000,256000
