bulk_corr,error,tot_seed,sample
0.18489302315984937,0.0007308758352141943,3000,96000
