bulk_corr,error,tot_seed,sample
0.05692532623756571,0.00017276761061253972,1800,230400
