bulk_corr,error,tot_seed,sample
0.0009515852669080561,1.0261154651683e-05,1800,460800
