bulk_corr,error,tot_seed,sample
0.01369395060840633,0.00010055057711385561,1000,256000
