bulk_corr,error,tot_seed,sample
0.013957825818883572,0.00010630483151861719,900,230400
