bulk_corr,error,tot_seed,sample
0.07741020762726222,0.0003935694199520694,2000,128000
