bulk_corr,error,tot_seed,sample
0.01103842409398789,8.648252601789625e-05,1800,230400
