bulk_corr,error,tot_seed,sample
0.011179093372993651,8.172588584307604e-05,2000,256000
