bulk_corr,error,tot_seed,sample
0.02769874394174074,0.0001330890112956718,3000,358400
