bulk_corr,error,tot_seed,sample
0.18412648754635533,0.0007045371492394579,3000,96000
