corr_etoe,error,Nseed,Nsample
0.04245175076083209,0.006353955765357226,1000,1000
