corr_etoe,error,Nseed,Nsample
0.019115172100432568,0.004485735751471075,1000,1000
