corr_etoe,error,Nseed,Nsample
0.4533239587989709,0.022895868263993698,1000,1000
