bulk_corr,error,tot_seed,sample
0.0008545025998887465,2.3138939104837613e-05,1800,460544
