bulk_corr,error,tot_seed,sample
0.0008266613015444386,2.1419524389079576e-05,2000,511744
