bulk_corr,error,tot_seed,sample
0.040165301933894205,0.00010433640054207241,1800,230400
