bulk_corr,error,tot_seed,sample
0.10473342907006715,0.0003301081349324592,3000,192000
