bulk_corr,error,tot_seed,sample
0.06334595475665815,0.00034249601511655517,1800,115200
