bulk_corr,error,tot_seed,sample
0.06348363438377749,0.00032626410392568044,2000,128000
