bulk_corr,error,tot_seed,sample
0.22000610431092144,0.0008514442110928084,1800,57600
