bulk_corr,error,tot_seed,sample
0.03145789885654829,0.000318192897411392,1800,115200
