bulk_corr,error,tot_seed,sample
0.009315144327501334,6.520159957947502e-05,2000,512000
