bulk_corr,error,tot_seed,sample
0.009493249905384294,7.852563986758649e-05,1800,115200
