bulk_corr,error,tot_seed,sample
0.060231673195959755,0.0002306878860036869,900,57600
