corr_etoe,error,Nseed,Nsample
0.07661530920542775,0.00987634120271268,1000,1000
