corr_etoe,error,Nseed,Nsample
0.28114245757570655,0.00979576232701132,3000,3000
