corr_etoe,error,Nseed,Nsample
0.15734505927657036,0.011058575840064267,2000,1400
