corr_etoe,error,Nseed,Nsample
0.44462474918178063,0.011842889435410791,3000,3000
