bulk_corr,error,tot_seed,sample
0.014539648886879662,6.0672921435643814e-05,1800,230400
