bulk_corr,error,tot_seed,sample
0.1652208908508208,0.0008971239505643753,1800,57600
