bulk_corr,error,tot_seed,sample
0.16453260428240127,0.0008534244230269237,2000,64000
