bulk_corr,error,tot_seed,sample
0.003322807380868253,5.0421591876037457e-05,2000,511744
