bulk_corr,error,tot_seed,sample
0.10910755131399154,0.0003317810182248235,1800,115200
