bulk_corr,error,tot_seed,sample
0.01026777529506181,5.05315286185412e-05,1000,256000
