bulk_corr,error,tot_seed,sample
0.13680824907733374,0.000387718099418312,1800,115200
