bulk_corr,error,tot_seed,sample
0.04665569219001691,0.0001561301112545279,1800,115200
