bulk_corr,error,tot_seed,sample
-1.680889265883761e-05,7.033094027395572e-06,900,230400
