bulk_corr,error,tot_seed,sample
-1.5770778252370205e-05,6.3381221768387976e-06,1000,256000
