bulk_corr,error,tot_seed,sample
0.1300948264484441,0.0003855748039041227,2000,128000
