bulk_corr,error,tot_seed,sample
0.028730561356742297,0.00013666514269272472,2500,307200
