bulk_corr,error,tot_seed,sample
0.010283063180984998,0.000104512195242475,1800,115200
