bulk_corr,error,tot_seed,sample
0.1357761009155635,0.00037969571587806575,2000,128000
