bulk_corr,error,tot_seed,sample
0.18489148988598575,0.0007268200736662349,3000,96000
