bulk_corr,error,tot_seed,sample
0.04524517121904995,0.00013636037192116642,1000,128000
