bulk_corr,error,tot_seed,sample
0.29755119045937317,0.0006218231959303095,1800,57600
