bulk_corr,error,tot_seed,sample
0.1672758524082134,0.00026836259650430506,3000,96000
