bulk_corr,error,tot_seed,sample
0.04203537215920715,0.00016552998494786468,1800,230400
