bulk_corr,error,tot_seed,sample
0.013767184343328118,0.00012983339650162351,1000,192034
