bulk_corr,error,tot_seed,sample
0.01600109585457822,6.966873971198743e-05,1800,230400
