bulk_corr,error,tot_seed,sample
0.04022087511447332,0.00017890665246890727,1800,115200
