bulk_corr,error,tot_seed,sample
0.13894733258636102,0.00036183154501621647,1000,64000
