bulk_corr,error,tot_seed,sample
0.019083023514104708,0.00010775456874896257,900,230400
