bulk_corr,error,tot_seed,sample
-1.3149685967400652e-05,8.397323396962615e-06,2000,512000
