bulk_corr,error,tot_seed,sample
-3.152075223916988e-05,8.604069329037517e-06,1800,460800
