bulk_corr,error,tot_seed,sample
0.021505442117780816,6.934593295522258e-05,2000,512000
