bulk_corr,error,tot_seed,sample
0.021478479175208856,7.344278706584458e-05,1800,460800
