bulk_corr,error,tot_seed,sample
0.0006781200300143151,3.131923931244728e-05,1800,230400
