bulk_corr,error,tot_seed,sample
0.004885160100778635,4.815160287989838e-05,2000,512000
