bulk_corr,error,tot_seed,sample
0.002137617546026382,1.948542816842455e-05,1800,460800
