bulk_corr,error,tot_seed,sample
0.11118642736585738,0.0003312779445724178,3000,192000
