bulk_corr,error,tot_seed,sample
0.010127181819905533,4.674385456871754e-05,1800,230400
