bulk_corr,error,tot_seed,sample
0.010385797911145855,5.1975071668964e-05,1800,230400
