bulk_corr,error,tot_seed,sample
-3.980634368828574e-06,6.821980915092516e-06,900,230400
