bulk_corr,error,tot_seed,sample
0.0018693639902093591,1.5803115162806203e-05,1800,460800
