bulk_corr,error,tot_seed,sample
0.002899541371173781,3.906013571588191e-05,900,230400
