bulk_corr,error,tot_seed,sample
0.018918022080792463,6.88391218819834e-05,1800,230400
