corr_etoe,error,Nseed,Nsample
0.5677543683864688,0.01196481274697881,3000,3000
