corr_etoe,error,Nseed,Nsample
0.4083459488988053,0.010442396603717128,3000,3000
