bulk_corr,error,tot_seed,sample
0.3130221328301773,0.0008884017949125821,900,28800
