bulk_corr,error,tot_seed,sample
0.006660210237735834,6.046849708730508e-05,2000,512000
