bulk_corr,error,tot_seed,sample
0.21341137851519357,0.000522712565194564,3000,96000
