bulk_corr,error,tot_seed,sample
0.23938257331393198,0.0004012785658502314,3000,96000
