ZL,error,Nseed,Nsample
0.5820784120872856,0.0027395759085878423,3000.0,3000.0
