ZL,error,Nseed,Nsample
0.8283353352748073,0.004525681086906996,1000.0,1000.0
