ZL,error,Nseed,Nsample
0.7925397853563023,0.002493715703184812,3000.0,3000.0
