ZL,error,Nseed,Nsample
0.7270479749990715,0.0025776632510236446,3000.0,3000.0
