bulk_corr,error,tot_seed,sample
0.18898234165712202,0.0006596302870498935,900,28800
