bulk_corr,error,tot_seed,sample
0.13747469459148237,0.000903304766218555,1800,57600
