bulk_corr,error,tot_seed,sample
0.09036020221293972,0.0003091121951501207,3000,192000
