bulk_corr,error,tot_seed,sample
0.03527003854731687,0.00017019899290134145,2000,256000
