bulk_corr,error,tot_seed,sample
0.14205664125228376,0.0005074700545997792,900,57600
