bulk_corr,error,tot_seed,sample
0.03810280442045422,0.00018999950207224676,900,115200
