bulk_corr,error,tot_seed,sample
0.17802693583790805,0.0007282969360159253,3000,96000
