bulk_corr,error,tot_seed,sample
0.010651502857282545,0.00010144483503032013,1000,192000
