bulk_corr,error,tot_seed,sample
0.01034635735958846,0.00010650346659113955,900,172800
