bulk_corr,error,tot_seed,sample
0.003086806094160844,6.637413020923964e-05,1000,256000
