bulk_corr,error,tot_seed,sample
0.15056791256316077,0.00025198375089061044,3000,96000
