corr_etoe,error,Nseed,Nsample
1.3337839080690579,0.013009062916987845,3000,3000
