bulk_corr,error,tot_seed,sample
0.059970262520701936,0.00017348782056242235,900,115200
