bulk_corr,error,tot_seed,sample
0.027324844515059496,0.00016230055742749093,2000,256000
