bulk_corr,error,tot_seed,sample
0.11088590283382004,0.00034299278440427073,1000,64000
