bulk_corr,error,tot_seed,sample
0.0902471372999969,0.0008269720013078228,1800,57600
