bulk_corr,error,tot_seed,sample
0.06528741469354118,0.00030418260774949473,3000,192000
