corr_etoe,error,Nseed,Nsample
2.215571956234912,0.013202745013269552,3000,3000
