corr_etoe,error,Nseed,Nsample
1.9977586923432085,0.012207542304007167,3000,3000
