bulk_corr,error,tot_seed,sample
0.01577458217022539,8.808491009524707e-05,900,115200
