corr_etoe,error,Nseed,Nsample
0.058687622727135874,0.006727884476659322,1000,1000
