corr_etoe,error,Nseed,Nsample
0.21283543721759177,0.010490319810957148,2000,2000
