bulk_corr,error,tot_seed,sample
0.015388239625494847,7.16400575565686e-05,2000,512000
