bulk_corr,error,tot_seed,sample
0.03704188102088176,0.00015440567933646418,2500,307200
