bulk_corr,error,tot_seed,sample
0.018870006546395972,0.00014814831734298418,1800,230400
