bulk_corr,error,tot_seed,sample
0.09825059024795303,0.00041693351613798817,1800,57600
