bulk_corr,error,tot_seed,sample
0.0017359149176862736,1.9129462054430605e-05,1800,460800
