bulk_corr,error,tot_seed,sample
0.0956657499676539,0.00030956461265339706,3000,192000
