bulk_corr,error,tot_seed,sample
0.12206154878254247,0.0003289003281510738,3000,192000
