bulk_corr,error,tot_seed,sample
0.0196251577711217,0.00013988319960734795,1000,192000
