bulk_corr,error,tot_seed,sample
0.04758300221122818,0.0001771979026310265,2000,256000
