corr_etoe,error,Nseed,Nsample
0.6719675899515167,0.01477624994254651,3000,3000
