corr_etoe,error,Nseed,Nsample
0.30328139384881625,0.010925065401124383,3000,3000
