bulk_corr,error,tot_seed,sample
0.09791051054593103,0.0003296271660821535,3000,192000
