corr_etoe,error,Nseed,Nsample
0.11866436637245088,0.00942905099941645,1000,1000
