bulk_corr,error,tot_seed,sample
0.05577291842493027,0.00019374234140777692,1800,115200
