bulk_corr,error,tot_seed,sample
0.0038241897031161434,7.296594940837402e-05,1000,256000
