bulk_corr,error,tot_seed,sample
0.004439837919152072,2.397049270100078e-05,1800,454656
