bulk_corr,error,tot_seed,sample
0.060785643631812304,0.00032952187441497147,2200,140800
