bulk_corr,error,tot_seed,sample
0.06085469467975015,0.0003361953787150939,2100,134400
