bulk_corr,error,tot_seed,sample
0.03666688513703411,0.00015920094637900627,3000,294400
