corr_etoe,error,Nseed,Nsample
1.3044015487591265,0.021349413106447498,2000,2000
