corr_etoe,error,Nseed,Nsample
0.8445981907695659,0.022422723569281038,2000,2000
