corr_etoe,error,Nseed,Nsample
0.08851838034008667,0.008794693495557903,1000,1000
