bulk_corr,error,tot_seed,sample
0.09306602329970122,0.00024678060299683697,1800,57600
