bulk_corr,error,tot_seed,sample
0.09302409902048829,0.00023541974489267999,2000,64000
