bulk_corr,error,tot_seed,sample
0.0006514188441179583,3.497255118106154e-05,1800,449792
