bulk_corr,error,tot_seed,sample
0.004441596718356037,4.242562388343087e-05,900,230400
