bulk_corr,error,tot_seed,sample
0.011092937658345573,5.783673352457599e-05,1800,230400
