corr_etoe,error,Nseed,Nsample
1.817649960562007,0.010933241708557936,3000,3000
