bulk_corr,error,tot_seed,sample
0.09595352516102841,0.00045931520634930805,2000,64000
