bulk_corr,error,tot_seed,sample
0.0955316077531246,0.00048570817651278465,1800,57600
