bulk_corr,error,tot_seed,sample
0.054578426577023643,0.00018448556269412805,1800,230400
