bulk_corr,error,tot_seed,sample
0.007417494268663763,0.0001175836806769087,1800,229632
