bulk_corr,error,tot_seed,sample
0.016129104261705683,0.00012544956636144057,1800,115200
