bulk_corr,error,tot_seed,sample
0.18381856963813786,0.00033158644517962144,3000,96000
