bulk_corr,error,tot_seed,sample
0.010464270268200444,6.193600279416275e-05,2000,512000
