bulk_corr,error,tot_seed,sample
0.010425667625693455,6.518737507173864e-05,1800,460800
