bulk_corr,error,tot_seed,sample
0.0004326869944977083,2.4634994630525218e-05,1800,230400
