bulk_corr,error,tot_seed,sample
0.00794753109690997,5.803255668258595e-05,1800,460800
