corr_etoe,error,Nseed,Nsample
2.1257436295608096,0.010471623531055782,3000,3000
