bulk_corr,error,tot_seed,sample
0.12809874853172476,0.0005710941167707985,900,57600
