bulk_corr,error,tot_seed,sample
0.19191378529606304,0.0005380746817212535,1800,57600
