bulk_corr,error,tot_seed,sample
0.06623469313322168,0.00028453685562579016,3000,192000
