corr_etoe,error,Nseed,Nsample
2.340571958467979,0.011061976749373382,3000,3000
