bulk_corr,error,tot_seed,sample
0.0520830068718196,0.0003322083739228242,2000,128000
