bulk_corr,error,tot_seed,sample
0.0519645459640504,0.0003482985229678916,1800,115200
