bulk_corr,error,tot_seed,sample
0.02567814269898501,0.0001374397612054642,2500,294400
