bulk_corr,error,tot_seed,sample
0.02578364955051108,0.00013170697377201657,2700,320000
