bulk_corr,error,tot_seed,sample
0.007335670215894919,4.587253183079219e-05,1800,460800
