corr_etoe,error,Nseed,Nsample
2.137544670504976,0.017774842688261596,2000,2000
