corr_etoe,error,Nseed,Nsample
1.7793149714425565,0.026912566868265583,2000,2000
