bulk_corr,error,tot_seed,sample
0.06066143070486099,0.00022009349329574402,900,115200
