bulk_corr,error,tot_seed,sample
0.021148816929582218,7.34093992216638e-05,2000,512000
