bulk_corr,error,tot_seed,sample
0.07885270868725024,0.00029307411114095277,3000,192000
