corr_etoe,error,Nseed,Nsample
2.172400609517871,0.009951559619521558,3000,3000
