bulk_corr,error,tot_seed,sample
0.12812976049708075,0.000412304127740979,1800,115200
