corr_etoe,error,Nseed,Nsample
0.13517594929391064,0.009948172553807179,1000,1000
