bulk_corr,error,tot_seed,sample
0.03786692520674291,0.00016934002446759172,2000,256000
