bulk_corr,error,tot_seed,sample
0.037690237880682015,0.0001780953491933288,1800,230400
