bulk_corr,error,tot_seed,sample
0.2661917466571729,0.0006711171431790872,3000,96000
