bulk_corr,error,tot_seed,sample
0.023428559803334165,0.0001228016989320282,3000,358400
