bulk_corr,error,tot_seed,sample
0.04342241232671253,0.0001355041326222365,1000,128000
