bulk_corr,error,tot_seed,sample
0.02531522330316513,0.0002580640404404581,2000,128000
