bulk_corr,error,tot_seed,sample
0.025451289581466054,0.00027358713085433864,1800,115200
