bulk_corr,error,tot_seed,sample
0.03564029545567858,0.00014786871664271433,1000,192015
