bulk_corr,error,tot_seed,sample
0.0030319344769125334,4.797612871494513e-05,2000,511744
