bulk_corr,error,tot_seed,sample
0.008253923858174642,7.640508066147859e-05,1800,230400
