bulk_corr,error,tot_seed,sample
0.008322488381403042,7.266293083946106e-05,2000,256000
