bulk_corr,error,tot_seed,sample
0.07699739118282369,0.0003181633090443861,3000,192000
