corr_etoe,error,Nseed,Nsample
0.5525654401524067,0.030759882730923515,1000,1000
