bulk_corr,error,tot_seed,sample
0.02539179658104807,0.00014499992889314026,1800,115200
