bulk_corr,error,tot_seed,sample
0.018205872842293382,7.365154111460549e-05,2000,512000
