bulk_corr,error,tot_seed,sample
0.027965572976721732,0.0003195239849075171,1800,115200
