bulk_corr,error,tot_seed,sample
0.06022551604261704,0.00017828969763797795,1800,115200
