bulk_corr,error,tot_seed,sample
0.08029187171745641,0.0004018600686337985,2000,128000
