bulk_corr,error,tot_seed,sample
0.14341011884477756,0.00038560951355142705,1800,57600
