bulk_corr,error,tot_seed,sample
0.14339395889470938,0.0003667086041814392,2000,64000
