bulk_corr,error,tot_seed,sample
0.06598128090531744,0.000717436833244556,1800,57600
