bulk_corr,error,tot_seed,sample
0.19110781444524313,0.0007248592254633327,3000,96000
