bulk_corr,error,tot_seed,sample
0.004826383528494949,7.845742407173415e-05,1000,256000
