bulk_corr,error,tot_seed,sample
0.16713693813587527,0.00035239923923314706,2000,64000
