bulk_corr,error,tot_seed,sample
0.16649635464854567,0.0003724967914904562,1800,57600
