bulk_corr,error,tot_seed,sample
0.26617789258525837,0.0008086897799760431,1800,57600
