bulk_corr,error,tot_seed,sample
0.005486852755410774,6.791499641165163e-05,1000,192004
