corr_etoe,error,Nseed,Nsample
2.313123946399117,0.01207338628696669,3000,3000
