corr_etoe,error,Nseed,Nsample
1.8676462190392085,0.011248520950740927,3000,3000
