bulk_corr,error,tot_seed,sample
0.02416087002229926,0.0001527354298811448,2000,256000
