bulk_corr,error,tot_seed,sample
0.024227452399408024,0.00016259437003363403,1800,230400
