corr_etoe,error,Nseed,Nsample
0.41985895956259556,0.023762179917046395,1000,1000
