bulk_corr,error,tot_seed,sample
0.024028299930675606,0.00017165974644916846,1800,115200
