corr_etoe,error,Nseed,Nsample
0.0744209747920933,0.008688029798850078,1000,1000
