corr_etoe,error,Nseed,Nsample
0.6599981919492696,0.023059631633930433,1000,1000
