bulk_corr,error,tot_seed,sample
0.1896643418971306,0.000705969735352516,3000,96000
