bulk_corr,error,tot_seed,sample
0.004958346531922525,6.276513594843673e-05,900,115200
