corr_etoe,error,Nseed,Nsample
1.3051131889189387,0.021376869432516307,2000,2000
