corr_etoe,error,Nseed,Nsample
0.8726290025928315,0.0217284445797801,2000,2000
