bulk_corr,error,tot_seed,sample
0.00909357425182679,7.288601872507434e-05,1000,192000
