bulk_corr,error,tot_seed,sample
0.015493936576509791,0.00016856661532451672,3000,140800
