bulk_corr,error,tot_seed,sample
0.1902371772282512,0.0007201737694747968,3000,96000
