bulk_corr,error,tot_seed,sample
0.043384975660182123,0.0005365321462144318,1800,57600
