bulk_corr,error,tot_seed,sample
0.011586315523160678,7.290230370931826e-05,1000,192000
