bulk_corr,error,tot_seed,sample
0.0045997506027052005,5.489108137145582e-05,2000,512000
