bulk_corr,error,tot_seed,sample
0.004547832074354625,5.758040713575539e-05,1800,460800
