bulk_corr,error,tot_seed,sample
5.396337436547874e-06,6.298093629410887e-06,1800,460800
