bulk_corr,error,tot_seed,sample
6.706939340562845e-06,6.074303402199024e-06,2000,512000
