bulk_corr,error,tot_seed,sample
0.009655388059110327,6.802538101365932e-05,2000,512000
