bulk_corr,error,tot_seed,sample
0.17264032237019208,0.0002780735458740701,3000,96000
