bulk_corr,error,tot_seed,sample
0.13598406536855656,0.0006229312420694672,1800,57600
