bulk_corr,error,tot_seed,sample
0.28316293006155346,0.0008104503871056622,1800,57600
