bulk_corr,error,tot_seed,sample
0.004011236784914776,7.535354883357702e-05,2000,256000
