bulk_corr,error,tot_seed,sample
0.004138094703357788,8.097856856918716e-05,1800,230400
