bulk_corr,error,tot_seed,sample
0.25968720488479075,0.0006317641190048749,3000,96000
