bulk_corr,error,tot_seed,sample
0.033957338565983805,0.000216831177013342,1800,115200
