corr_etoe,error,Nseed,Nsample
0.19792256618799306,0.021782531729530513,1000,1000
