corr_etoe,error,Nseed,Nsample
1.249551350561067,0.015606873165265185,1000,1000
