corr_etoe,error,Nseed,Nsample
0.923306222330467,0.022765694004856583,1000,1000
