corr_etoe,error,Nseed,Nsample
0.2962528522594832,0.02390334064306572,1000,1000
