corr_etoe,error,Nseed,Nsample
0.5051406389110238,0.02594270464465012,1000,1000
