corr_etoe,error,Nseed,Nsample
1.5662225138891166,0.013859213313963621,3000,3000
