bulk_corr,error,tot_seed,sample
0.15034784269660612,0.0005063990048480213,900,57600
