corr_etoe,error,Nseed,Nsample
1.2647665665035248,0.01302314523554735,3000,3000
