corr_etoe,error,Nseed,Nsample
0.31201822655472555,0.020197554500167105,1000,1000
