bulk_corr,error,tot_seed,sample
0.01269666442974304,6.898134836574387e-05,2000,512000
