corr_etoe,error,Nseed,Nsample
0.3940110184166468,0.01169720829752737,3000,3000
