corr_etoe,error,Nseed,Nsample
0.25392281359464713,0.017214600188604986,1000,1000
