corr_etoe,error,Nseed,Nsample
0.7238894549304488,0.01424819727191757,3000,3000
