corr_etoe,error,Nseed,Nsample
0.2089136592555502,0.022897091398372073,1000,1000
