bulk_corr,error,tot_seed,sample
0.007648123331935132,6.134039858315196e-05,2000,512000
