bulk_corr,error,tot_seed,sample
0.04478249097890198,0.0001961746023984465,1800,115200
