bulk_corr,error,tot_seed,sample
0.004725751035004289,9.892124505029006e-05,1800,230400
