bulk_corr,error,tot_seed,sample
0.25097856504180716,0.0008045182209407978,1800,57600
