bulk_corr,error,tot_seed,sample
5.634249410614012e-05,9.477422568890514e-06,1800,460800
