bulk_corr,error,tot_seed,sample
0.16917196333265397,0.0007129443891130431,3000,96000
