bulk_corr,error,tot_seed,sample
0.09264946454088853,0.0003286344539599813,3000,192000
