bulk_corr,error,tot_seed,sample
0.017607527439793397,0.00010665310630737005,900,230400
