bulk_corr,error,tot_seed,sample
0.16882538115530824,0.0007178713293678692,3000,96000
