bulk_corr,error,tot_seed,sample
0.029624670723287234,0.00015768797544925872,900,172800
