bulk_corr,error,tot_seed,sample
0.13236686623585286,0.0002288276863483439,3000,96000
