bulk_corr,error,tot_seed,sample
0.1642519388232806,0.000720550440460959,3000,96000
