bulk_corr,error,tot_seed,sample
0.04923714004502397,0.00016178602599810002,1800,230400
