bulk_corr,error,tot_seed,sample
0.011119985603458067,7.312809508270715e-05,1800,230400
