bulk_corr,error,tot_seed,sample
0.11977932537157063,0.0005783830650590611,900,57600
