bulk_corr,error,tot_seed,sample
0.23398116039823408,0.0008774413129024363,2000,64000
