bulk_corr,error,tot_seed,sample
0.06375836386602463,0.00018178717020587748,1800,115200
