bulk_corr,error,tot_seed,sample
0.02873653652321817,0.00016150921163420162,2000,256000
