bulk_corr,error,tot_seed,sample
0.3049720135189986,0.0005439845701285973,2000,64000
