bulk_corr,error,tot_seed,sample
0.3049104684567133,0.0005724997390531831,1800,57600
