corr_etoe,error,Nseed,Nsample
0.6535211995892806,0.02287258681916595,1000,1000
