corr_etoe,error,Nseed,Nsample
0.06361824595325975,0.008444160812101026,1000,1000
