corr_etoe,error,Nseed,Nsample
1.0524719136753053,0.012133585205790706,2000,2000
