corr_etoe,error,Nseed,Nsample
0.4155792366631841,0.022566149420703202,1000,1000
