corr_etoe,error,Nseed,Nsample
0.2044125637000312,0.01013887966886357,2000,2000
