corr_etoe,error,Nseed,Nsample
0.23283961776809786,0.02123254094876124,1000,1000
