corr_etoe,error,Nseed,Nsample
1.2683006963831551,0.008259777314577822,2000,2000
