bulk_corr,error,tot_seed,sample
0.2266674875173239,0.0007612432512213489,2000,64000
