bulk_corr,error,tot_seed,sample
0.22764849065949322,0.000802724674030736,1800,57600
