bulk_corr,error,tot_seed,sample
0.010021213720790905,6.898832444170175e-05,1800,460800
