bulk_corr,error,tot_seed,sample
0.010077782303156677,6.577679810521268e-05,2000,512000
