bulk_corr,error,tot_seed,sample
0.1829135285387101,0.0007213229707638532,3000,96000
