bulk_corr,error,tot_seed,sample
0.20969778970037575,0.0007220473063180688,3000,96000
