bulk_corr,error,tot_seed,sample
0.08935930347026182,0.000405785656883103,1800,57600
