bulk_corr,error,tot_seed,sample
0.1311774395957131,0.0007293938096713479,2000,64000
