bulk_corr,error,tot_seed,sample
0.13214885676703467,0.0007709662373397918,1800,57600
