bulk_corr,error,tot_seed,sample
0.003317365115511212,4.0795641258807216e-05,900,230400
