bulk_corr,error,tot_seed,sample
0.01707822270778595,6.620454790734152e-05,900,230400
