bulk_corr,error,tot_seed,sample
0.2423795492735435,0.0006993923416851763,3000,96000
