bulk_corr,error,tot_seed,sample
0.29215799045661645,0.0010583881876700893,1000,32000
