bulk_corr,error,tot_seed,sample
0.10861904071203021,0.000302905502720559,3000,192000
