bulk_corr,error,tot_seed,sample
0.043009810899383,0.00017570547075636874,2000,256000
