bulk_corr,error,tot_seed,sample
0.032772227924937586,0.00017656980296514946,1800,115200
