bulk_corr,error,tot_seed,sample
0.014794755070540963,6.772310798068478e-05,900,230400
