bulk_corr,error,tot_seed,sample
0.03263884769170195,8.86702955550428e-05,1800,230400
