bulk_corr,error,tot_seed,sample
0.0017731807736027579,1.4642766583888725e-05,1800,460800
