bulk_corr,error,tot_seed,sample
0.0618625564494912,0.0002561956834223874,1800,115200
