bulk_corr,error,tot_seed,sample
0.19240633871816556,0.00031910384672366384,3000,96000
