bulk_corr,error,tot_seed,sample
0.0008385418618817684,9.321537599765617e-06,1800,460800
