bulk_corr,error,tot_seed,sample
0.0008618751987934865,8.869602868356247e-06,2000,512000
