corr_etoe,error,Nseed,Nsample
1.1500082232517053,0.015618801118279912,2000,2000
