corr_etoe,error,Nseed,Nsample
0.5601900834948859,0.02256660586996895,1000,1000
