bulk_corr,error,tot_seed,sample
0.19235456515430996,0.0007300683104006429,3000,96000
