ZL,error,Nseed,Nsample
0.17144701135516596,0.005901315576459433,3000.0,3000.0
