ZL,error,Nseed,Nsample
-0.1976059614247551,0.012761031397215029,1000.0,1000.0
