ZL,error,Nseed,Nsample
-0.006632792466939849,0.0070398933950472685,3000.0,3000.0
