ZL,error,Nseed,Nsample
-0.11261471883503545,0.007233102415014618,3000.0,3000.0
