bulk_corr,error,tot_seed,sample
0.17114519531039707,0.00027901625365508173,3000,96000
