corr_etoe,error,Nseed,Nsample
1.7213045157659954,0.01067674040232101,3000,3000
