bulk_corr,error,tot_seed,sample
0.010173458066726985,6.602676860132452e-05,2000,512000
