bulk_corr,error,tot_seed,sample
0.10049598668016144,0.0003933931216211819,1800,115200
