bulk_corr,error,tot_seed,sample
0.0010125243453617744,3.980068783798585e-05,1800,460800
