bulk_corr,error,tot_seed,sample
0.1098858736682201,0.0007343229000222101,2000,64000
