bulk_corr,error,tot_seed,sample
0.10994497622152084,0.000773795866473958,1800,57600
