bulk_corr,error,tot_seed,sample
0.008381117241375914,9.620304518736356e-05,1800,115200
