bulk_corr,error,tot_seed,sample
0.01886374932100184,0.0001268495329805703,1800,115200
