bulk_corr,error,tot_seed,sample
0.07398509963861619,0.00028997371405822044,3000,192000
