bulk_corr,error,tot_seed,sample
0.2898102838147608,0.0008220963161360514,1800,57600
