bulk_corr,error,tot_seed,sample
0.06862843033281298,0.00019426425851222883,1800,115200
