bulk_corr,error,tot_seed,sample
0.008786384483232193,6.345155973459545e-05,2000,512000
