bulk_corr,error,tot_seed,sample
0.028529853152810584,0.0001666918590515626,1800,115200
