bulk_corr,error,tot_seed,sample
0.27406399649860796,0.0008120621898213072,2000,64000
