bulk_corr,error,tot_seed,sample
0.0236156000177287,7.097484938752248e-05,2000,512000
