bulk_corr,error,tot_seed,sample
0.1944699692770563,0.0007333263071758517,3000,96000
