bulk_corr,error,tot_seed,sample
0.08158381221899118,0.00027469835860004547,1800,115200
