bulk_corr,error,tot_seed,sample
0.101251685734308,0.0003208122941205378,3000,192000
