bulk_corr,error,tot_seed,sample
0.22233304035966456,0.0007273038252350274,3000,96000
