bulk_corr,error,tot_seed,sample
0.06292786319606478,0.00017549162757981868,1800,230400
