corr_etoe,error,Nseed,Nsample
1.6421839527588316,0.01022208052819694,3000,3000
