bulk_corr,error,tot_seed,sample
0.01001987768156384,6.489934369674552e-05,1800,460800
