bulk_corr,error,tot_seed,sample
0.013252884612804446,7.328022112943015e-05,1000,192000
