bulk_corr,error,tot_seed,sample
0.011348579338522843,6.221035571562571e-05,1800,230400
