bulk_corr,error,tot_seed,sample
0.3144017712115444,0.0007685103502308827,1000,32000
