bulk_corr,error,tot_seed,sample
0.1397879581584351,0.0002878698559069082,1800,115200
