corr_etoe,error,Nseed,Nsample
1.1717202852818573,0.012481193253659881,3000,3000
