bulk_corr,error,tot_seed,sample
0.15157321951112934,0.0005971050798988929,1800,57600
