bulk_corr,error,tot_seed,sample
0.1863931698303681,0.0002955024326721328,3000,96000
