bulk_corr,error,tot_seed,sample
0.07674326254692578,0.0003075826265959184,3000,192000
