bulk_corr,error,tot_seed,sample
0.0009625269294417351,1.2143435136393438e-05,1800,460800
