corr_etoe,error,Nseed,Nsample
0.8733477687646996,0.013427101940217248,2000,2000
