bulk_corr,error,tot_seed,sample
0.011975194467564666,7.228323355977509e-05,1000,192000
