bulk_corr,error,tot_seed,sample
0.012250640226118194,0.00010996781942698247,1000,192000
