bulk_corr,error,tot_seed,sample
0.01200895737023098,0.00011583701025262779,900,172800
