bulk_corr,error,tot_seed,sample
0.1830912332858998,0.0007341645637856042,3000,96000
