bulk_corr,error,tot_seed,sample
0.007744744123166052,9.294206153297635e-05,1000,192000
