bulk_corr,error,tot_seed,sample
0.00801403469908274,9.772728352849019e-05,900,172800
