bulk_corr,error,tot_seed,sample
0.014002169030877202,7.351210725723563e-05,1800,460800
