bulk_corr,error,tot_seed,sample
0.014010695482820117,6.97981247813639e-05,2000,512000
