bulk_corr,error,tot_seed,sample
0.022011828685579566,7.303513683377205e-05,2000,512000
