bulk_corr,error,tot_seed,sample
0.055619740373139784,0.00022069519041482852,900,57600
