bulk_corr,error,tot_seed,sample
0.13549246429490647,0.0003907416094749296,1800,115200
