bulk_corr,error,tot_seed,sample
0.24660191646201496,0.0007089346919144312,3000,96000
