bulk_corr,error,tot_seed,sample
0.039406957387261646,0.0003569171335583672,1800,115200
