bulk_corr,error,tot_seed,sample
0.16349033000751062,0.0002693770484991053,3000,96000
