corr_etoe,error,Nseed,Nsample
0.4374697735940028,0.0228490575629059,1000,1000
