corr_etoe,error,Nseed,Nsample
0.036598102162302415,0.006909798230126044,1000,1000
