corr_etoe,error,Nseed,Nsample
0.06192943356688243,0.008763876747314017,1000,1000
