bulk_corr,error,tot_seed,sample
0.23222924307403464,0.0004026033796384167,3000,96000
