bulk_corr,error,tot_seed,sample
0.018871219588578382,8.001593422995663e-05,1800,230400
