bulk_corr,error,tot_seed,sample
0.3174043314314066,0.0009216090284215355,1000,32000
