bulk_corr,error,tot_seed,sample
0.0023957866696381405,1.6716474108468753e-05,2000,512000
