bulk_corr,error,tot_seed,sample
0.002444379727751713,1.7770145014800577e-05,1800,460800
