bulk_corr,error,tot_seed,sample
0.101693193165761,0.00032992554785671665,3000,192000
