bulk_corr,error,tot_seed,sample
0.0538036915456923,0.00024687251769251687,1800,115200
