ZL,error,Nseed,Nsample
-0.2696335897967132,0.007831331109633154,3000.0,3000.0
