ZL,error,Nseed,Nsample
-0.399367041481598,0.009615805386495134,3000.0,3000.0
