ZL,error,Nseed,Nsample
-0.4364886750887278,0.010563031830191773,3000.0,3000.0
