ZL,error,Nseed,Nsample
-0.4334066894257187,0.01134584845898493,3000.0,3000.0
