bulk_corr,error,tot_seed,sample
-6.074389651039125e-06,4.4456228378563384e-06,1800,460800
