bulk_corr,error,tot_seed,sample
-0.0005596268442340774,1.6092060436672615e-05,1800,230400
