ZL,error,Nseed,Nsample
0.7643398580684471,0.001032422610493713,3000.0,3000.0
