ZL,error,Nseed,Nsample
0.8598689424180056,0.0009074203426285999,3000.0,3000.0
