ZL,error,Nseed,Nsample
0.9173482593758138,0.002801589570126998,1000.0,1000.0
