bulk_corr,error,tot_seed,sample
0.02128914002543311,0.00016099297470124118,1800,230400
