bulk_corr,error,tot_seed,sample
0.02140010232528299,0.00015214224181100557,2000,256000
