bulk_corr,error,tot_seed,sample
0.013866898240421704,7.134594779113032e-05,2000,512000
