corr_etoe,error,Nseed,Nsample
1.8124449130871663,0.022189039004961914,3000,3000
