bulk_corr,error,tot_seed,sample
0.08074390371050556,0.0003244930973787403,3000,192000
