bulk_corr,error,tot_seed,sample
0.006557426839898228,7.027836955870798e-05,1000,192000
