bulk_corr,error,tot_seed,sample
0.23816064527584552,0.001284481342276644,900,28800
