bulk_corr,error,tot_seed,sample
0.010565139624390941,9.636674967897228e-05,1000,256000
