corr_etoe,error,Nseed,Nsample
1.0171792899055268,0.01869561560082312,2000,2000
