corr_etoe,error,Nseed,Nsample
0.8585415342355154,0.01868132750795143,2000,2000
