bulk_corr,error,tot_seed,sample
0.08512322123984863,0.0006594482912898875,2000,64000
