bulk_corr,error,tot_seed,sample
0.08517654540486785,0.0006976780176679674,1800,57600
