bulk_corr,error,tot_seed,sample
0.3031391518475199,0.0006947821122974359,1000,32000
