bulk_corr,error,tot_seed,sample
0.27260230817702763,0.0008092884457192904,1800,57600
