bulk_corr,error,tot_seed,sample
0.28203020905926807,0.0007305162885023187,1000,32000
