bulk_corr,error,tot_seed,sample
0.22380392587463122,0.0008816144826696806,2000,64000
