bulk_corr,error,tot_seed,sample
0.22234095481169905,0.0009281918022299408,1800,57600
