bulk_corr,error,tot_seed,sample
0.011612041194956938,6.445093039827579e-05,1800,460800
