bulk_corr,error,tot_seed,sample
0.011739714893254085,0.00012009053865032748,1800,230400
