corr_etoe,error,Nseed,Nsample
0.4421461319369642,0.022329616417724883,1000,1000
