corr_etoe,error,Nseed,Nsample
0.7395904590241991,0.021431625406684845,1000,1000
