corr_etoe,error,Nseed,Nsample
1.080493957564668,0.011065532088222006,2000,2000
