corr_etoe,error,Nseed,Nsample
0.2796492505798577,0.02146935178584375,1000,1000
