corr_etoe,error,Nseed,Nsample
1.2738717862074598,0.00799174804324632,2000,2000
