corr_etoe,error,Nseed,Nsample
0.03979654967142082,0.006859125561956384,1000,1000
