bulk_corr,error,tot_seed,sample
0.04005168388052941,0.0001350295957957763,1000,128000
