bulk_corr,error,tot_seed,sample
0.15018442901547843,0.0005092067261128387,900,57600
