bulk_corr,error,tot_seed,sample
0.019096656681330964,0.00025156486455734316,3000,76800
