bulk_corr,error,tot_seed,sample
0.02246217705997533,0.00028339940555121554,1800,115200
