bulk_corr,error,tot_seed,sample
0.08969580506900457,0.000573510420238077,300,9600
