bulk_corr,error,tot_seed,sample
0.05866480063293889,0.0001752675043994842,2000,256000
