bulk_corr,error,tot_seed,sample
4.418059139835385e-05,1.0242685430074065e-05,1800,460800
