corr_etoe,error,Nseed,Nsample
0.10879952178298907,0.010186601286786789,1000,1000
