corr_etoe,error,Nseed,Nsample
1.0165081649656353,0.014171470034154735,2000,2000
