corr_etoe,error,Nseed,Nsample
0.026612862872651074,0.005360940669201971,1000,1000
