corr_etoe,error,Nseed,Nsample
0.4910903823111599,0.02189398823788335,1000,1000
