bulk_corr,error,tot_seed,sample
0.019521920696894023,0.0002036639728162997,900,57600
