bulk_corr,error,tot_seed,sample
0.04858841397405691,0.00035322717229067913,1800,115200
