corr_etoe,error,Nseed,Nsample
0.061935917205924215,0.007113401739399765,1000,1000
