corr_etoe,error,Nseed,Nsample
0.33251706074850534,0.023147865950930165,1000,990
