corr_etoe,error,Nseed,Nsample
0.6503149747944006,0.02273026914180695,1000,1000
