bulk_corr,error,tot_seed,sample
0.07103033387692105,0.0004095579111315464,1800,115200
