bulk_corr,error,tot_seed,sample
0.07110780145739211,0.00038750550430197107,2000,128000
