bulk_corr,error,tot_seed,sample
0.02289274201763651,0.00020448943316744993,2000,128000
