bulk_corr,error,tot_seed,sample
0.02291602768320058,0.00021638860102866795,1800,115200
