bulk_corr,error,tot_seed,sample
0.027783753476846376,0.00014606122316153413,1000,192000
