bulk_corr,error,tot_seed,sample
0.029791274457892022,0.00014533461788268694,900,115200
