corr_etoe,error,Nseed,Nsample
0.3763119592333602,0.028608609159968133,2000,2000
