bulk_corr,error,tot_seed,sample
-4.814139811588842e-05,2.7544343216178044e-06,1800,460800
