bulk_corr,error,tot_seed,sample
0.24269815585132382,0.0006683825944759966,3000,96000
