bulk_corr,error,tot_seed,sample
0.09811981407730729,0.0003707536025868745,900,57600
