bulk_corr,error,tot_seed,sample
0.21726110053260125,0.0007242615574395394,3000,96000
