bulk_corr,error,tot_seed,sample
0.10325703549127786,0.000842494401796767,1800,57600
