corr_etoe,error,Nseed,Nsample
0.08910686081305504,0.007553382251051278,3000,2000
