corr_etoe,error,Nseed,Nsample
0.024302110000398468,0.005051803978246605,1000,999
