corr_etoe,error,Nseed,Nsample
0.36999806800356305,0.01176872721356308,3000,3000
