bulk_corr,error,tot_seed,sample
0.03566864744817101,0.00017014411486689817,2000,256000
