bulk_corr,error,tot_seed,sample
-6.030132360539998e-06,6.022241107802662e-06,1800,460800
