bulk_corr,error,tot_seed,sample
0.2897191750316592,0.0008149249050890528,1800,57600
