bulk_corr,error,tot_seed,sample
0.16816651336563201,0.0006511164021277132,1800,57600
