bulk_corr,error,tot_seed,sample
0.08593696313997512,0.0008104617876269824,1800,57600
