bulk_corr,error,tot_seed,sample
0.26875752423464333,0.0012164131716449892,900,28800
