bulk_corr,error,tot_seed,sample
0.025608222203241902,0.0001325963440912291,3000,371200
