bulk_corr,error,tot_seed,sample
0.05771074635708899,0.000174575614196578,900,115200
