bulk_corr,error,tot_seed,sample
1.1720451324637806e-05,7.37885364044828e-06,2000,512000
