bulk_corr,error,tot_seed,sample
3.0493093880382622e-05,7.987462227966369e-06,1800,460800
