corr_etoe,error,Nseed,Nsample
0.08248849802537564,0.008503489443704503,1000,1000
