bulk_corr,error,tot_seed,sample
0.03013221870760757,0.00014898280946275074,2000,256000
