bulk_corr,error,tot_seed,sample
0.029616398713891417,0.00015696208756543412,1800,230400
