bulk_corr,error,tot_seed,sample
0.08929008866483236,0.00032596808368586596,3000,192000
