bulk_corr,error,tot_seed,sample
0.00847172643837204,0.0001230510417471231,1800,230400
