bulk_corr,error,tot_seed,sample
0.004879268053456231,5.4067647065976344e-05,2000,512000
