bulk_corr,error,tot_seed,sample
0.028694635966548764,0.00014573851980656722,2000,256000
