bulk_corr,error,tot_seed,sample
0.028324945025278526,0.00015319445091322226,1800,230400
