corr_etoe,error,Nseed,Nsample
0.5275240138239641,0.03343088023575177,2000,2000
