bulk_corr,error,tot_seed,sample
0.04550908488224156,0.0005052887175879015,1800,57600
