corr_etoe,error,Nseed,Nsample
2.181927106512284,0.01598233521512461,3000,3000
