bulk_corr,error,tot_seed,sample
0.21684632470794876,0.0005983506732639833,1800,57600
