bulk_corr,error,tot_seed,sample
0.03185857330179699,0.00019146205243244995,3000,179200
