bulk_corr,error,tot_seed,sample
0.04589865661614075,0.0002619283414415685,900,115200
