bulk_corr,error,tot_seed,sample
0.04578698962060793,0.00025023633239311264,1000,128000
