bulk_corr,error,tot_seed,sample
0.3112006408931505,0.0009717135477278679,900,28800
