bulk_corr,error,tot_seed,sample
0.08409599258419546,0.00032430696562600435,3000,192000
