bulk_corr,error,tot_seed,sample
5.445253277135547e-05,1.586940538349226e-05,1800,230400
