bulk_corr,error,tot_seed,sample
0.07296776780160245,0.00028992795961422716,3000,192000
