bulk_corr,error,tot_seed,sample
0.11087638450085559,0.00040100520355272634,2000,128000
