bulk_corr,error,tot_seed,sample
0.16503852444277553,0.0002717240530099995,3000,96000
