bulk_corr,error,tot_seed,sample
0.16598656360293323,0.0002754129822312261,3000,96000
