bulk_corr,error,tot_seed,sample
0.0035256470306330905,2.1388081733186373e-05,1800,460800
