bulk_corr,error,tot_seed,sample
0.02884216678160238,0.00015704323972791479,1800,115200
