bulk_corr,error,tot_seed,sample
0.09837070682142159,0.0008610169408595687,1800,57600
