bulk_corr,error,tot_seed,sample
0.016134264229908015,0.0001465382121784825,900,115200
