bulk_corr,error,tot_seed,sample
0.010718372744088682,5.4512105879051975e-05,1800,460800
