bulk_corr,error,tot_seed,sample
0.00821328759707807,0.00010659264122412599,1000,160000
