bulk_corr,error,tot_seed,sample
0.22665369875363625,0.0003952733491200684,3000,96000
