bulk_corr,error,tot_seed,sample
0.14861040069793713,0.0008505328753359665,2000,64000
