bulk_corr,error,tot_seed,sample
0.14834748843224524,0.0008955022746632478,1800,57600
