bulk_corr,error,tot_seed,sample
0.10519476670033398,0.0008641155297541982,1800,57600
