bulk_corr,error,tot_seed,sample
0.2165130798224988,0.0006939265084074696,3000,96000
