corr_etoe,error,Nseed,Nsample
0.6020773412079024,0.011700099050697235,3000,3000
