corr_etoe,error,Nseed,Nsample
0.8146299501304085,0.013108430763140973,3000,3000
