bulk_corr,error,tot_seed,sample
0.11103909577656049,0.0003276570875313106,3000,192000
