bulk_corr,error,tot_seed,sample
0.13203361820511186,0.0006579373649055474,1800,57600
