bulk_corr,error,tot_seed,sample
0.005971361717546654,0.00012728310232413238,1800,115200
