bulk_corr,error,tot_seed,sample
-7.488125952496505e-05,4.053792456789535e-06,1000,256000
