bulk_corr,error,tot_seed,sample
-8.098553346354704e-05,4.359657061484825e-06,900,230400
