bulk_corr,error,tot_seed,sample
0.04483741520537242,0.0001508026782980737,3000,345600
