bulk_corr,error,tot_seed,sample
0.2633424627725919,0.0012198735445141317,900,28800
