bulk_corr,error,tot_seed,sample
0.11001351432412498,0.0003415195557204754,1000,64000
