bulk_corr,error,tot_seed,sample
0.011979657006502714,5.6923639429201e-05,1800,460800
