bulk_corr,error,tot_seed,sample
0.14504807271560138,0.000512749058850548,1000,64000
