bulk_corr,error,tot_seed,sample
0.2513691484529145,0.000414591728063119,3000,96000
