corr_etoe,error,Nseed,Nsample
0.11946245309775258,0.00948004668169947,1000,1000
