corr_etoe,error,Nseed,Nsample
0.4466034753251038,0.022130149332986807,1000,1000
