corr_etoe,error,Nseed,Nsample
0.03452569335982363,0.006328980794059383,1000,1000
