bulk_corr,error,tot_seed,sample
0.004362806104183781,4.786455754084169e-05,2000,512000
