bulk_corr,error,tot_seed,sample
0.0034668287847911443,4.1085966275097504e-05,2000,512000
