bulk_corr,error,tot_seed,sample
0.12876289445057978,0.00032021173317394374,3000,192000
