bulk_corr,error,tot_seed,sample
0.08390160515355237,0.00032635207329208504,3000,192002
