bulk_corr,error,tot_seed,sample
0.03554409648222584,0.00011942230207573257,1800,115200
