bulk_corr,error,tot_seed,sample
0.006279041112719478,4.226330059585965e-05,1800,460800
