bulk_corr,error,tot_seed,sample
0.0978271162989396,0.0003287121895031096,3000,192000
