bulk_corr,error,tot_seed,sample
0.06777383527125037,0.000290825718838973,3000,192000
