bulk_corr,error,tot_seed,sample
0.019663255528438894,0.00014221764177117585,900,115200
