bulk_corr,error,tot_seed,sample
0.02190306025175015,0.0002610245133564711,1800,115200
