corr_etoe,error,Nseed,Nsample
0.41573110062743174,0.012167753322861465,3000,3000
