corr_etoe,error,Nseed,Nsample
0.26317691171922203,0.009811559683825992,3000,3000
