bulk_corr,error,tot_seed,sample
0.05719908556986255,0.00044291145349243104,1800,57600
