bulk_corr,error,tot_seed,sample
0.057933989334414474,0.00042253237433375755,2000,64000
