bulk_corr,error,tot_seed,sample
0.012964868667701395,6.215040394960236e-05,1800,230400
