bulk_corr,error,tot_seed,sample
0.028568649197266274,0.00013675380391588057,1000,128000
