bulk_corr,error,tot_seed,sample
0.18078828053149254,0.0007147087765625976,3000,96000
