bulk_corr,error,tot_seed,sample
0.009487082860010787,7.912450508854173e-05,900,115200
