bulk_corr,error,tot_seed,sample
0.2077089481337556,0.0007307422265923856,3000,96000
