bulk_corr,error,tot_seed,sample
0.19363909136616103,0.00043011814047024,1800,57600
