bulk_corr,error,tot_seed,sample
0.09615532745313875,0.00040229892214809393,2000,128000
