bulk_corr,error,tot_seed,sample
0.15753399372257787,0.000541913005972179,1800,57600
