bulk_corr,error,tot_seed,sample
0.157775333017483,0.0005151526363856344,2000,64000
