bulk_corr,error,tot_seed,sample
0.19491783974432936,0.0007330206464306119,3000,96000
