bulk_corr,error,tot_seed,sample
0.005469791093631904,6.814737768917023e-05,1400,358400
