bulk_corr,error,tot_seed,sample
0.005537240320922737,6.622751585565034e-05,1500,384000
