bulk_corr,error,tot_seed,sample
0.193766107815727,0.0004672169171675846,1800,57600
