bulk_corr,error,tot_seed,sample
-0.0008761337305553866,3.774094713348805e-05,1800,230400
