bulk_corr,error,tot_seed,sample
0.11605820435628442,0.000603860879596633,900,57600
