corr_etoe,error,Nseed,Nsample
0.24359420221963882,0.02329096984881211,1000,1000
