corr_etoe,error,Nseed,Nsample
2.198562151319609,0.011260753661643842,3000,3000
