bulk_corr,error,tot_seed,sample
0.0277172359260737,0.00031520948992333443,1800,115200
