bulk_corr,error,tot_seed,sample
0.0044049758130909715,5.4387989906286736e-05,2000,512000
