bulk_corr,error,tot_seed,sample
0.14469721744244893,0.0004544331246043303,900,57600
