bulk_corr,error,tot_seed,sample
0.30892320350759744,0.0009676123499340336,900,28800
