bulk_corr,error,tot_seed,sample
0.034471890645452904,0.000543301478352495,2000,25600
