ZL,error,Nseed,Nsample
-0.25554789356481555,0.00604800084502354,3000.0,3000.0
