ZL,error,Nseed,Nsample
-0.4804991881094281,0.009553024409139238,1000.0,1000.0
