ZL,error,Nseed,Nsample
-0.013968309856975229,0.006094200690822541,3000.0,3000.0
