ZL,error,Nseed,Nsample
-0.3860120182164044,0.00582791574992771,3000.0,3000.0
