corr_etoe,error,Nseed,Nsample
0.9563883121838306,0.022427670088304007,1000,1000
