corr_etoe,error,Nseed,Nsample
0.237429344302033,0.022724472119443034,1000,1000
