corr_etoe,error,Nseed,Nsample
0.5422303467233611,0.025647106244648107,1000,1000
