corr_etoe,error,Nseed,Nsample
0.29165639616378447,0.02400361088166391,1000,1000
