corr_etoe,error,Nseed,Nsample
1.240050608721246,0.014773101920941282,1000,1000
