bulk_corr,error,tot_seed,sample
0.08152293165207256,0.00039306915231607334,2000,128000
