bulk_corr,error,tot_seed,sample
0.08122553582839408,0.00041424029091654825,1800,115200
