bulk_corr,error,tot_seed,sample
0.026489999771485567,0.000160441035594903,2000,256000
