bulk_corr,error,tot_seed,sample
0.2623564370720634,0.0005240080081484541,3000,96000
