corr_etoe,error,Nseed,Nsample
0.7386377270959762,0.013701276690771801,3000,3000
