corr_etoe,error,Nseed,Nsample
0.8985043827134835,0.014175812275623544,3000,3000
