bulk_corr,error,tot_seed,sample
0.04601427928845535,0.0001754012226957576,2000,256000
