bulk_corr,error,tot_seed,sample
0.0461416321581252,0.00018482955366511697,1800,230400
