corr_etoe,error,Nseed,Nsample
0.9509866198321814,0.014012355580082677,2000,2000
