bulk_corr,error,tot_seed,sample
0.017146046377146958,9.53157166719017e-05,900,115200
