bulk_corr,error,tot_seed,sample
0.07889794422896561,0.0003929794759568122,2000,128000
