bulk_corr,error,tot_seed,sample
0.17246620807962426,0.000726456335085524,3000,96000
