bulk_corr,error,tot_seed,sample
7.65728595621694e-05,9.179020297883562e-06,1800,460800
