bulk_corr,error,tot_seed,sample
0.004323549252676728,2.448100373398304e-05,1800,460800
