bulk_corr,error,tot_seed,sample
0.07844897266598838,0.0003320464179974997,1800,115200
