bulk_corr,error,tot_seed,sample
0.2236068628034703,0.0007202103715438779,3000,96000
