bulk_corr,error,tot_seed,sample
0.1290023950552664,0.0003197068891615875,1000,64000
