bulk_corr,error,tot_seed,sample
0.27153258580212974,0.0006761384167381892,3000,96000
