bulk_corr,error,tot_seed,sample
0.0886920439711256,0.0003283474599993981,3000,192000
