bulk_corr,error,tot_seed,sample
0.03279243988226387,0.00016961809555605627,2000,256000
