bulk_corr,error,tot_seed,sample
0.14428966344989466,0.0005109958154457508,1000,64000
