bulk_corr,error,tot_seed,sample
0.27242184009726034,0.0006313773338313458,3000,96000
