bulk_corr,error,tot_seed,sample
0.18932209822789692,0.0007343736059485047,3000,96000
