bulk_corr,error,tot_seed,sample
0.3146704376418358,0.0008288774355514097,1000,32000
