bulk_corr,error,tot_seed,sample
0.03898373496066259,0.00018924484828071754,1800,115200
