bulk_corr,error,tot_seed,sample
0.2016294026043221,0.0007341300874069152,1800,57600
