bulk_corr,error,tot_seed,sample
0.18667393444682967,0.0007306217718427621,3000,96000
