bulk_corr,error,tot_seed,sample
0.04582095128251248,0.00033052813416155867,1800,115200
