bulk_corr,error,tot_seed,sample
0.04603999569878158,0.00031393819970096127,2000,128000
