bulk_corr,error,tot_seed,sample
0.02067151951651675,7.884267948352259e-05,900,230400
