bulk_corr,error,tot_seed,sample
0.10214250770544267,0.0003289431327816992,3000,192000
