bulk_corr,error,tot_seed,sample
0.002270927544113414,4.7047646574970185e-05,1800,459776
