bulk_corr,error,tot_seed,sample
0.005036977590522603,4.548281917952315e-05,1000,256000
