bulk_corr,error,tot_seed,sample
0.2527468896359274,0.0005240111413815832,3000,96000
