bulk_corr,error,tot_seed,sample
0.24938823209837718,0.0012852773376147856,900,28800
