bulk_corr,error,tot_seed,sample
0.004906575742730739,5.75436846763197e-05,1800,460544
