bulk_corr,error,tot_seed,sample
0.004888397033673091,5.457750031698856e-05,2000,511744
