bulk_corr,error,tot_seed,sample
0.0054804027761490015,8.312745515314334e-05,2000,256000
