bulk_corr,error,tot_seed,sample
0.005252473528533578,8.662577759074593e-05,1800,230400
