bulk_corr,error,tot_seed,sample
0.26707434956571596,0.0012243105813685448,900,28800
