bulk_corr,error,tot_seed,sample
0.013016702223574489,6.822371265863556e-05,2000,512000
