bulk_corr,error,tot_seed,sample
0.012739582688261966,7.135896816020686e-05,1800,460800
