bulk_corr,error,tot_seed,sample
0.10077168316543536,0.00033085882196312133,3000,192000
