bulk_corr,error,tot_seed,sample
0.028513137671390527,0.0001622480370687874,2000,256000
