bulk_corr,error,tot_seed,sample
-3.770079766536606e-05,2.5149647766706982e-06,1800,460800
