bulk_corr,error,tot_seed,sample
0.13895011970839682,0.00037227911992496985,2000,128000
