bulk_corr,error,tot_seed,sample
0.26847846818206106,0.0008096383190042356,1800,57600
