bulk_corr,error,tot_seed,sample
0.10148897095964976,0.0007948501844236314,1800,57600
