bulk_corr,error,tot_seed,sample
0.10112409999687653,0.0007514816809597728,2000,64000
