bulk_corr,error,tot_seed,sample
0.049098490571254295,0.00017783208273885472,2000,256000
