bulk_corr,error,tot_seed,sample
0.09582445991103752,0.00031648758984596375,3000,192000
