bulk_corr,error,tot_seed,sample
0.012374449788209087,6.850934659412e-05,2000,512000
