ZL,error,Nseed,Nsample
0.7215197816091322,0.005932042172048868,3000.0,3000.0
