ZL,error,Nseed,Nsample
0.7035970910172179,0.005722748949391223,3000.0,3000.0
