ZL,error,Nseed,Nsample
0.6761612946173102,0.0051236852462959006,3000.0,3000.0
