ZL,error,Nseed,Nsample
0.6006791462632701,0.004319302532576912,3000.0,3000.0
