bulk_corr,error,tot_seed,sample
0.016673228794735095,0.00019367291930898103,2000,127936
