bulk_corr,error,tot_seed,sample
0.01684976107554063,0.00020679095057956885,1800,115136
