corr_etoe,error,Nseed,Nsample
1.6707574165144978,0.010716346331238996,3000,3000
