bulk_corr,error,tot_seed,sample
0.019130126068272548,0.0001587525058102574,1800,115200
