corr_etoe,error,Nseed,Nsample
1.3734459825983263,0.022194939905004304,2000,2000
