corr_etoe,error,Nseed,Nsample
0.767395293008401,0.022287469383220578,2000,2000
