bulk_corr,error,tot_seed,sample
0.1595842924949409,0.0008243653163256539,1800,57600
