bulk_corr,error,tot_seed,sample
0.15866270928484552,0.0007794290013646193,2000,64000
