bulk_corr,error,tot_seed,sample
0.1434369981681582,0.00037078114647377315,2000,128000
