bulk_corr,error,tot_seed,sample
0.17487337876152534,0.0007184303543313156,3000,96000
