bulk_corr,error,tot_seed,sample
0.03938491262143988,0.00017358754291623067,2000,256000
