corr_etoe,error,Nseed,Nsample
1.4057700102161053,0.01348343828805474,3000,3000
