bulk_corr,error,tot_seed,sample
0.05647175341655441,0.0003837514579606542,1800,115200
