bulk_corr,error,tot_seed,sample
0.05610573343384757,0.0003630209755541062,2000,128000
