bulk_corr,error,tot_seed,sample
0.0013667764955157683,1.3664327940643816e-05,1800,460800
