bulk_corr,error,tot_seed,sample
0.12023172212373817,0.0005628121013463926,900,57600
