bulk_corr,error,tot_seed,sample
0.007515847219752144,0.00011859448660282964,1800,229504
