bulk_corr,error,tot_seed,sample
0.008379120870766888,4.521770670316971e-05,1800,230400
