bulk_corr,error,tot_seed,sample
0.03424078069772108,0.00017829085570600755,1800,230400
