bulk_corr,error,tot_seed,sample
0.16661217631762182,0.000541268700875974,1800,57600
