bulk_corr,error,tot_seed,sample
0.1886789493809304,0.0007213926818914609,3000,96000
