bulk_corr,error,tot_seed,sample
0.1151860887427257,0.000694335205330412,2000,64000
