bulk_corr,error,tot_seed,sample
0.11545606242915024,0.0007312362158259657,1800,57600
