bulk_corr,error,tot_seed,sample
0.008088883562478529,3.16446851101223e-05,1800,460800
