bulk_corr,error,tot_seed,sample
0.018850135664679336,0.0002124662673752619,1800,115200
