bulk_corr,error,tot_seed,sample
0.018455323279396925,0.00019918067766500086,2000,128000
