bulk_corr,error,tot_seed,sample
0.24635681518618652,0.0007010574090036948,3000,96000
