bulk_corr,error,tot_seed,sample
0.0863393033608695,0.0003218779728265016,3000,192000
