bulk_corr,error,tot_seed,sample
0.019155905055642457,7.42674239176703e-05,2000,512000
