bulk_corr,error,tot_seed,sample
0.1790577513449369,0.00028675241260394286,3000,96000
