bulk_corr,error,tot_seed,sample
0.06457268066663269,0.0002863713939385614,3000,192000
