bulk_corr,error,tot_seed,sample
0.07425942368613436,0.00020332742998955712,1800,115200
