bulk_corr,error,tot_seed,sample
0.14213363720310318,0.0007106193118223332,3000,96000
