bulk_corr,error,tot_seed,sample
0.014230882809240892,7.466790323689925e-05,1000,192000
