bulk_corr,error,tot_seed,sample
0.021659261887763296,7.796108256059175e-05,1000,192000
