bulk_corr,error,tot_seed,sample
0.014904351021336746,7.48370192903772e-05,1000,192000
