corr_etoe,error,Nseed,Nsample
0.06215890500887332,0.008485027885108304,1000,1000
