bulk_corr,error,tot_seed,sample
0.015012645631745293,7.164050729407582e-05,2000,512000
