bulk_corr,error,tot_seed,sample
0.011117004404753177,9.756096136557377e-05,1000,256000
