bulk_corr,error,tot_seed,sample
0.05535605580283547,0.00021185887631008015,900,115200
