bulk_corr,error,tot_seed,sample
0.19877293795260106,0.0007196731304150674,3000,96000
