bulk_corr,error,tot_seed,sample
0.007426135937547287,6.167565177928164e-05,2000,512000
