corr_etoe,error,Nseed,Nsample
0.6033131120160007,0.02918818769361996,1000,1000
