bulk_corr,error,tot_seed,sample
0.02516574439749213,8.03855324293786e-05,1000,192000
