corr_etoe,error,Nseed,Nsample
2.1195187849760724,0.01686083964357237,2000,2000
