corr_etoe,error,Nseed,Nsample
1.8194526100467916,0.024903150720066772,2000,2000
