corr_etoe,error,Nseed,Nsample
1.443167117761878,0.013435170198996971,3000,3000
