corr_etoe,error,Nseed,Nsample
0.0766731843594066,0.008567027171597595,1000,1000
