bulk_corr,error,tot_seed,sample
0.017497694827739805,0.0001391407319315814,1000,192000
