bulk_corr,error,tot_seed,sample
0.004684067370242463,0.00011887854744579674,1800,115200
