bulk_corr,error,tot_seed,sample
0.004166648258973769,2.454394102694815e-05,1800,460800
