bulk_corr,error,tot_seed,sample
0.0002506511721379625,2.7779828627905162e-05,1800,447488
