bulk_corr,error,tot_seed,sample
0.04592142048341402,0.00015746732751306425,900,115200
