bulk_corr,error,tot_seed,sample
0.0014560140919462983,1.7108044361739264e-05,1000,256000
