bulk_corr,error,tot_seed,sample
0.0014314176389147745,1.7666484136190027e-05,900,230400
