corr_etoe,error,Nseed,Nsample
2.2129257720003457,0.009483140574895198,3000,3000
