corr_etoe,error,Nseed,Nsample
1.8947434869633577,0.011236776688074733,3000,3000
