corr_etoe,error,Nseed,Nsample
0.37649359218007905,0.02400783313468392,1000,1000
