bulk_corr,error,tot_seed,sample
0.19168070306429638,0.00031302303566834436,3000,96000
