bulk_corr,error,tot_seed,sample
0.002826054211075935,2.0861149992499055e-05,1800,460800
