corr_etoe,error,Nseed,Nsample
0.5389071177430725,0.02870870509612049,1000,1000
