bulk_corr,error,tot_seed,sample
0.004709304286929928,3.595029737979282e-05,1800,230400
