bulk_corr,error,tot_seed,sample
0.24327974420038814,0.0012686514708267927,900,28800
