bulk_corr,error,tot_seed,sample
0.0034434531852808874,4.906248047001741e-05,1800,230400
