bulk_corr,error,tot_seed,sample
0.0034691487778258042,4.683383993409416e-05,2000,256000
