bulk_corr,error,tot_seed,sample
0.2173145199034008,0.0007254403237949974,3000,96000
