bulk_corr,error,tot_seed,sample
0.0975939147482833,0.0003995858437578105,2000,128000
