bulk_corr,error,tot_seed,sample
0.09800901904502159,0.0004202357470283851,1800,115200
