bulk_corr,error,tot_seed,sample
-6.980419273663187e-05,3.7330532757280853e-06,1000,256000
