bulk_corr,error,tot_seed,sample
-7.602476131244736e-05,4.065567800585586e-06,900,230400
