bulk_corr,error,tot_seed,sample
0.27929487413363296,0.0008064028462529067,2000,64000
