bulk_corr,error,tot_seed,sample
0.0002925503303561763,2.0385188494485227e-05,1800,457216
