bulk_corr,error,tot_seed,sample
0.3078893166377884,0.000874974270510821,900,28800
