bulk_corr,error,tot_seed,sample
0.22744157966746775,0.0008767522738673615,2000,64000
