bulk_corr,error,tot_seed,sample
0.059243286981811756,0.0001746584354045145,2000,256000
