bulk_corr,error,tot_seed,sample
0.0691387546455338,0.0003151507448520812,3000,192000
