bulk_corr,error,tot_seed,sample
0.07573519641812004,0.0004392015366192552,1800,57600
