bulk_corr,error,tot_seed,sample
0.07474840162690073,0.00041304123421479546,2000,64000
