ZL,error,Nseed,Nsample
-0.532171705936543,0.007398586594773773,3000.0,3000.0
