ZL,error,Nseed,Nsample
-0.5824012832241395,0.008109194115070226,3000.0,2969.0
