ZL,error,Nseed,Nsample
-0.6139903589162024,0.01437518655035377,1000.0,1000.0
