ZL,error,Nseed,Nsample
-0.3859082155276414,0.006214685879828885,3000.0,3000.0
