corr_etoe,error,Nseed,Nsample
0.6208163288230991,0.024909927080779937,1000,1000
