corr_etoe,error,Nseed,Nsample
0.9155122283061113,0.028075756408471566,1000,1000
