bulk_corr,error,tot_seed,sample
0.0776785137345372,0.00031728335320881464,3000,192000
