bulk_corr,error,tot_seed,sample
0.08367903919499972,0.0003188304235348192,3000,192000
