bulk_corr,error,tot_seed,sample
0.14176499291668127,0.0006269794771389043,1800,57600
