bulk_corr,error,tot_seed,sample
0.14179354506676556,0.0005946954690378951,2000,64000
