bulk_corr,error,tot_seed,sample
0.02275770712030488,0.00013867488281180202,2000,243200
