bulk_corr,error,tot_seed,sample
0.13027213515005864,0.00040090226182301365,900,57600
