corr_etoe,error,Nseed,Nsample
1.8015285178239826,0.010718527380459381,3000,3000
