bulk_corr,error,tot_seed,sample
0.2782857081192455,0.0008108354885212399,1800,57600
