bulk_corr,error,tot_seed,sample
0.2977204355450244,0.0010650036776156061,900,28800
