bulk_corr,error,tot_seed,sample
0.01963453773083132,0.00014154070678877603,1000,192000
