bulk_corr,error,tot_seed,sample
0.005159607661571198,9.997532316652076e-05,1800,229504
