bulk_corr,error,tot_seed,sample
0.03258469780203239,0.00016097474253157215,1800,230400
