bulk_corr,error,tot_seed,sample
0.0323878615437977,0.0001451751219361008,2800,281600
