bulk_corr,error,tot_seed,sample
0.062330275968411786,0.0001987291835816297,900,115200
