bulk_corr,error,tot_seed,sample
0.04049706015492436,0.0002482065557396943,1000,128000
