bulk_corr,error,tot_seed,sample
0.14849830468630051,0.0004970381205023436,900,57600
