bulk_corr,error,tot_seed,sample
0.025160128343162117,0.0001512957462795012,1000,192012
