bulk_corr,error,tot_seed,sample
0.11299602298310918,0.0004260862837093272,1800,115200
