bulk_corr,error,tot_seed,sample
0.11343941673266322,0.00040535716562568045,2000,128000
