bulk_corr,error,tot_seed,sample
0.14185936421494202,0.000916386890499525,1800,57600
