bulk_corr,error,tot_seed,sample
0.27681951332256544,0.0007727462105883931,900,28800
