bulk_corr,error,tot_seed,sample
0.2385039277963858,0.0007085505161253639,3000,96000
