bulk_corr,error,tot_seed,sample
0.0660556499880162,0.00029014893094755104,3000,192000
