bulk_corr,error,tot_seed,sample
-4.482278238046313e-05,2.670443867517351e-06,1800,460800
