bulk_corr,error,tot_seed,sample
0.18167382098179322,0.0007196323012449761,3000,96000
