bulk_corr,error,tot_seed,sample
0.05588284874407974,0.0003952299737502427,1800,115200
