bulk_corr,error,tot_seed,sample
0.055938036010778666,0.0003724412014262025,2000,128000
