bulk_corr,error,tot_seed,sample
0.029093115767695958,0.00013218814419197625,1800,230400
