bulk_corr,error,tot_seed,sample
0.06302405681555777,0.0002001484004717143,900,115200
