bulk_corr,error,tot_seed,sample
0.006274706515203815,6.890443564577571e-05,900,115200
