bulk_corr,error,tot_seed,sample
0.0938378077108711,0.00036968901153613455,1800,57600
