bulk_corr,error,tot_seed,sample
0.10701951326648382,0.000330855136468468,3000,192000
