bulk_corr,error,tot_seed,sample
0.0008495677644714461,4.0398956710963586e-05,1800,454144
