bulk_corr,error,tot_seed,sample
0.050389705881734685,0.0002569039778835652,900,115200
