bulk_corr,error,tot_seed,sample
0.30961920093400186,0.0008782301409178292,900,28800
