bulk_corr,error,tot_seed,sample
0.0001965137523444181,2.1880505936724014e-05,1800,230400
