bulk_corr,error,tot_seed,sample
0.00019656150832245064,2.016490683770156e-05,2000,256000
