bulk_corr,error,tot_seed,sample
-3.368503965724479e-05,2.9833939734297982e-06,1800,460800
