bulk_corr,error,tot_seed,sample
0.023166090136798958,0.00013325733561194502,2000,256000
