bulk_corr,error,tot_seed,sample
0.02336751452578086,0.00014070376212789313,1800,230400
