bulk_corr,error,tot_seed,sample
0.1478831597015442,0.00041360929997905695,900,57600
