corr_etoe,error,Nseed,Nsample
0.3698174287419598,0.024659859790576964,1000,1000
