bulk_corr,error,tot_seed,sample
0.09686882767853075,0.00032254357051325383,3000,192000
