bulk_corr,error,tot_seed,sample
0.12842648124306405,0.0003228484322880775,3000,192000
