bulk_corr,error,tot_seed,sample
0.0272432234532868,8.456837842396394e-05,1000,192000
