bulk_corr,error,tot_seed,sample
0.020032033468625577,6.735005917263052e-05,2000,512000
