bulk_corr,error,tot_seed,sample
0.019992552964547283,7.096923796543596e-05,1800,460800
