bulk_corr,error,tot_seed,sample
0.06388973880623752,0.00024355155052150162,900,57600
