bulk_corr,error,tot_seed,sample
0.17357186212370224,0.0007173810003413013,3000,96000
