bulk_corr,error,tot_seed,sample
0.007738082758666938,0.00010881886577251157,1800,230400
