bulk_corr,error,tot_seed,sample
0.15327800234748382,0.0004459105462878419,1800,57600
