bulk_corr,error,tot_seed,sample
0.131286121989543,0.0002959103943641167,3000,192000
