bulk_corr,error,tot_seed,sample
0.05282087533623823,0.00037871660713877434,1800,115200
