bulk_corr,error,tot_seed,sample
0.052840216824883775,0.00035888198212794843,2000,128000
