corr_etoe,error,Nseed,Nsample
0.18143495154334593,0.008830444454540511,3000,3000
