corr_etoe,error,Nseed,Nsample
0.3380164284217839,0.011340422501987567,3000,3000
