corr_etoe,error,Nseed,Nsample
0.5058439039559225,0.013390799660192394,3000,3000
