bulk_corr,error,tot_seed,sample
0.006609253392826718,4.4346907300502095e-05,1800,460800
