bulk_corr,error,tot_seed,sample
0.1112362782877254,0.0004273023378221458,1800,115200
