bulk_corr,error,tot_seed,sample
0.11162774099868239,0.00040478017368246884,2000,128000
