bulk_corr,error,tot_seed,sample
0.06469358950048136,0.0002265132359310694,900,115200
