bulk_corr,error,tot_seed,sample
0.18834214777986033,0.0003010138113523766,3000,96000
