bulk_corr,error,tot_seed,sample
0.0008777943713091766,1.5065050466695439e-05,1800,460800
