bulk_corr,error,tot_seed,sample
0.05103626625217087,0.00017784556078698446,1800,115200
