bulk_corr,error,tot_seed,sample
0.026606646071104908,0.00014790065927520983,1000,192000
