corr_etoe,error,Nseed,Nsample
0.14459175901456334,0.010798549249589536,1000,1000
