bulk_corr,error,tot_seed,sample
0.22572188671136112,0.0005187364139870171,3000,96000
