bulk_corr,error,tot_seed,sample
0.05060314763690862,0.0001618954028943662,900,115200
