corr_etoe,error,Nseed,Nsample
0.772523271465014,0.05788750462847038,1000,1000
