corr_etoe,error,Nseed,Nsample
2.252221623954825,0.013439370638399178,3000,3000
