bulk_corr,error,tot_seed,sample
0.08769934767046085,0.0003285364477329442,3000,192000
