bulk_corr,error,tot_seed,sample
0.004007650007545755,7.612573938032278e-05,1000,255744
