bulk_corr,error,tot_seed,sample
0.09558070005154756,0.0003528189590851574,1800,115200
