bulk_corr,error,tot_seed,sample
0.2425877936219712,0.001270749635047404,900,28800
