bulk_corr,error,tot_seed,sample
0.013762301922191656,9.922756739567377e-05,1000,256000
