bulk_corr,error,tot_seed,sample
0.04301986761039899,0.0002927858624259139,2000,128000
