bulk_corr,error,tot_seed,sample
0.04306889259021028,0.00030820128797610154,1800,115200
