bulk_corr,error,tot_seed,sample
0.027725086859337812,0.00014953844358005927,3000,294400
