bulk_corr,error,tot_seed,sample
0.0212181104477494,9.031725260441873e-05,900,230400
