bulk_corr,error,tot_seed,sample
0.06305708546944688,0.00022578442122128304,900,115200
