bulk_corr,error,tot_seed,sample
0.03632962017440623,0.0001706567566294137,2000,256000
