bulk_corr,error,tot_seed,sample
0.07956265782308641,0.00036647666087581714,1800,57600
