bulk_corr,error,tot_seed,sample
0.013242659156454919,5.5382571183270995e-05,900,230400
