bulk_corr,error,tot_seed,sample
0.06395029689342074,0.0005724895842481718,1000,51200
