bulk_corr,error,tot_seed,sample
0.10640566965354473,0.0005886733431131581,900,57600
