bulk_corr,error,tot_seed,sample
0.206318873183571,0.00043821410832107897,1800,57600
