bulk_corr,error,tot_seed,sample
0.12530508451208386,0.0007684823586882012,2000,64000
