bulk_corr,error,tot_seed,sample
0.12528599082442907,0.0008131778240509856,1800,57600
