bulk_corr,error,tot_seed,sample
0.13424620249968827,0.00039915185392046075,900,57600
