bulk_corr,error,tot_seed,sample
0.07628398977942762,0.000198438537252713,1800,115200
