bulk_corr,error,tot_seed,sample
0.013206489306755755,0.00011347707886749692,1000,192000
