bulk_corr,error,tot_seed,sample
0.013485275249387575,0.00012072541505916704,900,172800
