bulk_corr,error,tot_seed,sample
0.01878111508775596,0.00012474369884072267,3000,320000
