bulk_corr,error,tot_seed,sample
0.03785100120725214,0.00013433593679984163,1000,128000
