bulk_corr,error,tot_seed,sample
0.0074949834824803154,0.00011880469238443423,1800,229248
