bulk_corr,error,tot_seed,sample
0.06832408710633957,0.00038436136831966996,2000,128000
