bulk_corr,error,tot_seed,sample
0.0963977149778686,0.0003188220159371439,3000,192000
