bulk_corr,error,tot_seed,sample
0.0027263073187283717,4.966895298046075e-05,1800,230400
