bulk_corr,error,tot_seed,sample
0.13156059052560962,0.00048705735686282656,1800,57600
