ZL,error,Nseed,Nsample
-0.4470806054627204,0.013133879504659307,1000.0,1000.0
