ZL,error,Nseed,Nsample
-0.27822648327791144,0.007010506847560128,3000.0,3000.0
