ZL,error,Nseed,Nsample
-0.042183461785416494,0.006729023623576965,3000.0,3000.0
