ZL,error,Nseed,Nsample
-0.39563604837212674,0.00722868139979125,3000.0,3000.0
