corr_etoe,error,Nseed,Nsample
0.08242255122191045,0.008127065066529578,1000,1000
