bulk_corr,error,tot_seed,sample
0.03686088150378888,0.00016054027536298069,2500,268800
