corr_etoe,error,Nseed,Nsample
2.1218720631583943,0.02550960098294176,2000,2000
