corr_etoe,error,Nseed,Nsample
0.11523459017189414,0.026073874631555284,2000,2000
