bulk_corr,error,tot_seed,sample
0.21010488414825337,0.0007291980736336977,3000,96000
