bulk_corr,error,tot_seed,sample
0.2187243681219075,0.0007255945136039668,3000,96000
