corr_etoe,error,Nseed,Nsample
0.45954146050595446,0.02172464158194144,1000,1000
