corr_etoe,error,Nseed,Nsample
0.03620493010846436,0.006563094633122281,1000,1000
