bulk_corr,error,tot_seed,sample
0.00952092168027312,5.983217518087483e-05,2000,512000
