bulk_corr,error,tot_seed,sample
0.009426915097816183,6.275199780867928e-05,1800,460800
