bulk_corr,error,tot_seed,sample
0.017230089793598736,0.00019596377658293328,3000,102400
