bulk_corr,error,tot_seed,sample
0.19295690443956626,0.0007103100093750817,3000,96000
