bulk_corr,error,tot_seed,sample
0.10589688290546036,0.0003287673934659047,3000,192000
