bulk_corr,error,tot_seed,sample
0.007869347234583197,6.200278483888586e-05,1800,230400
