bulk_corr,error,tot_seed,sample
0.047390579175848865,0.00015703363989574604,1800,115200
