bulk_corr,error,tot_seed,sample
0.004088181767992826,5.2320403516622955e-05,2000,511488
