bulk_corr,error,tot_seed,sample
0.006025557832506497,5.524165331449937e-05,1800,230400
