bulk_corr,error,tot_seed,sample
0.0020271865771967425,7.285602945245577e-05,1800,228096
