bulk_corr,error,tot_seed,sample
0.14048691114666828,0.0005186338955467378,1000,64000
