bulk_corr,error,tot_seed,sample
0.00529949762729531,7.767053983506925e-05,1000,256000
