bulk_corr,error,tot_seed,sample
0.23029731083989646,0.0008850166258453418,2000,64000
