bulk_corr,error,tot_seed,sample
0.033422167324857935,0.00016796957175628917,2000,256000
