bulk_corr,error,tot_seed,sample
0.08694427861097911,0.0003259236771982514,3000,192000
