bulk_corr,error,tot_seed,sample
0.03385000986852371,0.00014970989338173031,1000,192115
