corr_etoe,error,Nseed,Nsample
0.19082294888141713,0.022690782316115793,2000,2000
