corr_etoe,error,Nseed,Nsample
1.4370176381725759,0.0212615037368665,1000,1000
