bulk_corr,error,tot_seed,sample
0.05222365481890841,0.0001856512032371682,900,115200
