bulk_corr,error,tot_seed,sample
0.1407236279973312,0.0004092604769641101,900,57600
