bulk_corr,error,tot_seed,sample
0.02064620636170385,0.00013460338768312279,900,115200
