bulk_corr,error,tot_seed,sample
0.1382404142365748,0.000297197213065114,1800,57600
