bulk_corr,error,tot_seed,sample
0.012502350987139426,0.00016862337213077665,900,57600
