bulk_corr,error,tot_seed,sample
0.017649683300068508,7.64086422730706e-05,1800,460800
