bulk_corr,error,tot_seed,sample
0.0005847863560736968,1.7218845602516346e-05,900,230400
