corr_etoe,error,Nseed,Nsample
0.15737570191425368,0.010873015817495689,1000,1000
