bulk_corr,error,tot_seed,sample
0.00542247588362249,5.099064091268465e-05,2000,512000
