corr_etoe,error,Nseed,Nsample
0.1548661756922924,0.0100374359111321,1000,1000
