corr_etoe,error,Nseed,Nsample
0.9747245411460471,0.014965841656667648,2000,2000
