corr_etoe,error,Nseed,Nsample
0.1623133122183602,0.020873026857117723,1000,1000
