corr_etoe,error,Nseed,Nsample
1.2690049572747015,0.00943710988667263,2000,2000
