corr_etoe,error,Nseed,Nsample
0.5716081459942491,0.024429336314582557,1000,1000
