bulk_corr,error,tot_seed,sample
0.21624081652540278,0.0007230778622966884,3000,96000
