bulk_corr,error,tot_seed,sample
0.059358828333737845,0.0001737570657657402,2000,256000
