bulk_corr,error,tot_seed,sample
1.6979322243903048e-05,5.535794493522686e-06,1800,460800
