bulk_corr,error,tot_seed,sample
0.19905031432244713,0.00071045351764239,3000,96000
