bulk_corr,error,tot_seed,sample
0.19016438073228267,0.00032230028695483275,3000,96000
