bulk_corr,error,tot_seed,sample
0.001689553017095992,1.4076970301678977e-05,1800,460800
