corr_etoe,error,Nseed,Nsample
0.2314129206464548,0.031434274512525645,2000,2000
