corr_etoe,error,Nseed,Nsample
2.1252734563512488,0.024141530111356915,2000,2000
