bulk_corr,error,tot_seed,sample
0.003756648289640278,2.4051676578441615e-05,1800,230400
