bulk_corr,error,tot_seed,sample
0.25517498040439895,0.0005224614445587589,3000,96000
