bulk_corr,error,tot_seed,sample
0.08145195862124113,0.00029513518859521234,3000,192000
