bulk_corr,error,tot_seed,sample
0.2864994573132658,0.0008142983345702727,1800,57600
