bulk_corr,error,tot_seed,sample
0.21129347524231198,0.0007141362619722568,3000,96000
