bulk_corr,error,tot_seed,sample
0.24671395521915412,0.0008657540289495094,2000,64000
