bulk_corr,error,tot_seed,sample
0.10322761779262145,0.0002505063959675397,2000,128000
