bulk_corr,error,tot_seed,sample
0.009259751105936537,4.8049372418886095e-05,1800,230400
