bulk_corr,error,tot_seed,sample
0.05414081369035426,0.00017553195323678753,2000,256000
