bulk_corr,error,tot_seed,sample
0.014743631393776355,9.860754903143232e-05,1800,230400
