bulk_corr,error,tot_seed,sample
0.06025369778455723,0.0004231385737251359,1800,57600
