bulk_corr,error,tot_seed,sample
0.1803317032134542,0.0004357356203565255,1800,57600
