bulk_corr,error,tot_seed,sample
0.011079946123490243,0.00012612009656400624,1000,192012
