corr_etoe,error,Nseed,Nsample
0.23880973345864343,0.0236395858935084,1000,1000
