bulk_corr,error,tot_seed,sample
0.19882048675625694,0.0007068776334334437,3000,96000
