bulk_corr,error,tot_seed,sample
0.009146234045164204,5.039937323618406e-05,1800,460800
