bulk_corr,error,tot_seed,sample
0.00912920799875947,6.311197983180911e-05,1800,230400
