bulk_corr,error,tot_seed,sample
0.012558055182499247,9.625021054983867e-05,1000,256000
