bulk_corr,error,tot_seed,sample
0.24634336232920634,0.0008597604502082822,1800,57600
