bulk_corr,error,tot_seed,sample
0.024974851759445138,9.728912324543358e-05,1800,115200
