bulk_corr,error,tot_seed,sample
0.03242355284882253,0.00017155193197830655,2500,230400
