bulk_corr,error,tot_seed,sample
0.19043568013405804,0.0003054462873602,3000,96000
