corr_etoe,error,Nseed,Nsample
0.09072855649426145,0.009316475563587483,1000,1000
