corr_etoe,error,Nseed,Nsample
0.20539098333046366,0.021464909042908892,1000,1000
