corr_etoe,error,Nseed,Nsample
0.5832533240295517,0.024154206416750926,1000,1000
