corr_etoe,error,Nseed,Nsample
0.34493143139293897,0.0233232373844404,1000,1000
