corr_etoe,error,Nseed,Nsample
1.0385042593104847,0.013158660608100288,2000,2000
