corr_etoe,error,Nseed,Nsample
1.2674542440936727,0.008533969799785377,2000,2000
