bulk_corr,error,tot_seed,sample
0.021677881408180485,0.00016557444828193424,3000,204800
