bulk_corr,error,tot_seed,sample
0.04023942838489712,0.0002462254935160745,1000,128000
