bulk_corr,error,tot_seed,sample
0.07202981674075558,0.0003141152792033384,3000,192000
