bulk_corr,error,tot_seed,sample
0.008306344082159406,7.116972278397988e-05,1000,192000
