bulk_corr,error,tot_seed,sample
0.018738986766595467,7.2457741906768e-05,1800,230400
