bulk_corr,error,tot_seed,sample
0.12312300368807713,0.0005747275313733526,900,57600
