corr_etoe,error,Nseed,Nsample
0.20567988445436933,0.02329737875113334,1000,1000
