bulk_corr,error,tot_seed,sample
0.04807764799993828,0.0003753734686907703,1800,115200
