bulk_corr,error,tot_seed,sample
0.06399955230307916,0.00022840460190961512,1000,128000
