bulk_corr,error,tot_seed,sample
0.19207558210605313,0.0007227188351660143,3000,96000
