bulk_corr,error,tot_seed,sample
0.05406608737672362,0.00012931980322406327,3000,384000
