bulk_corr,error,tot_seed,sample
0.006131582008005864,5.892445801294462e-05,2000,512000
