bulk_corr,error,tot_seed,sample
0.033741209503594466,0.00020481552344712222,3000,153600
