bulk_corr,error,tot_seed,sample
0.023965239176539786,9.673237768744989e-05,900,230400
