bulk_corr,error,tot_seed,sample
0.02529317718560732,9.937780214134192e-05,1800,230400
