corr_etoe,error,Nseed,Nsample
0.2735527067962354,0.023456759916708307,1000,1000
