bulk_corr,error,tot_seed,sample
0.004962912198198369,5.399816339737494e-05,2000,512000
