bulk_corr,error,tot_seed,sample
0.023611109325154988,8.713521954512749e-05,1000,256000
