bulk_corr,error,tot_seed,sample
0.1271542630432081,0.0003773766166955525,1800,115200
