bulk_corr,error,tot_seed,sample
0.008478667687998317,6.37352084763069e-05,2000,512000
