bulk_corr,error,tot_seed,sample
0.0517539093710196,0.0003499798112578586,1800,115200
