bulk_corr,error,tot_seed,sample
0.05220182236256605,0.0003336988021735396,2000,128000
