bulk_corr,error,tot_seed,sample
0.11949244463839362,0.0008883394640197856,1800,57600
