bulk_corr,error,tot_seed,sample
0.03587866538767378,0.0001349494811868363,1000,128000
