bulk_corr,error,tot_seed,sample
0.05189026678474796,0.0001752135176744209,2000,256000
