bulk_corr,error,tot_seed,sample
0.26261086706548104,0.0008158601441093392,1800,57600
