bulk_corr,error,tot_seed,sample
0.03058283987502367,0.0001451050650752507,3000,332800
