bulk_corr,error,tot_seed,sample
0.0035034881570299038,7.364123860043303e-05,1000,255744
