bulk_corr,error,tot_seed,sample
0.3094441082778206,0.0006239706864945725,1800,57600
