corr_etoe,error,Nseed,Nsample
1.3683477908988295,0.013121507069045196,3000,3000
