bulk_corr,error,tot_seed,sample
0.00013888261136770164,9.186723720459702e-06,1800,460800
