bulk_corr,error,tot_seed,sample
0.31709899285991555,0.0009729856134584508,900,28800
