bulk_corr,error,tot_seed,sample
0.1819455866752101,0.0008940800843327886,1800,57600
