bulk_corr,error,tot_seed,sample
0.18344921957999477,0.0008495022249733551,2000,64000
