ZL,error,Nseed,Nsample
0.704042846579985,0.002883114878635428,3000.0,3000.0
