ZL,error,Nseed,Nsample
0.7989120825644638,0.006485844967081271,1000.0,1000.0
