ZL,error,Nseed,Nsample
0.559609330817602,0.002883674276855679,3000.0,3000.0
