ZL,error,Nseed,Nsample
0.766995360474654,0.003228539757258041,3000.0,3000.0
