bulk_corr,error,tot_seed,sample
0.013749657429757896,0.00014236613732312463,1800,230272
