bulk_corr,error,tot_seed,sample
0.009056064872737688,5.544343503164417e-05,1800,230400
