corr_etoe,error,Nseed,Nsample
2.210284426917071,0.011952412872934868,3000,3000
