bulk_corr,error,tot_seed,sample
0.02232295454123187,0.0001537526856955184,2000,256000
