bulk_corr,error,tot_seed,sample
0.005901057818086698,8.041863174030926e-05,1000,256000
