bulk_corr,error,tot_seed,sample
0.0022486158083185256,2.299809414938198e-05,1800,460800
