corr_etoe,error,Nseed,Nsample
0.44407911386273285,0.022132960626869543,1000,1000
