corr_etoe,error,Nseed,Nsample
0.03400010706118954,0.00556956288402501,1000,1000
