corr_etoe,error,Nseed,Nsample
1.7036743747436303,0.020702179586594923,1000,1000
