corr_etoe,error,Nseed,Nsample
1.3144960517442912,0.035676301101655435,1000,1000
