corr_etoe,error,Nseed,Nsample
0.34016933244044706,0.03858907918849886,1000,1000
