corr_etoe,error,Nseed,Nsample
0.7444222126283072,0.04175644991102581,1000,1000
