bulk_corr,error,tot_seed,sample
0.0015945031114000196,4.305375510845532e-05,1800,460800
