bulk_corr,error,tot_seed,sample
0.07100286388588817,0.00020023426142425256,1800,105362
