bulk_corr,error,tot_seed,sample
0.0964156831039248,0.00034997090075809703,1800,115200
