bulk_corr,error,tot_seed,sample
0.03821453623649009,0.00016602631407590862,1800,115200
