corr_etoe,error,Nseed,Nsample
0.6141668059531304,0.01253433422781252,3000,3000
