corr_etoe,error,Nseed,Nsample
0.4692708377731418,0.011926157466620572,3000,3000
