corr_etoe,error,Nseed,Nsample
0.8076011905543506,0.013967204467044433,3000,3000
