bulk_corr,error,tot_seed,sample
0.14510886350001195,0.0007810445361855344,2000,63997
