bulk_corr,error,tot_seed,sample
0.1436379095897357,0.0008204430348179562,1800,57597
