bulk_corr,error,tot_seed,sample
0.010582257598350603,6.798606808953643e-05,2000,512000
