bulk_corr,error,tot_seed,sample
0.042281039512048195,0.00015374421163797959,900,115200
