bulk_corr,error,tot_seed,sample
-2.1143057918261483e-05,3.096313008487967e-06,2000,512000
