bulk_corr,error,tot_seed,sample
-2.242908003782353e-05,3.2787572007177766e-06,1800,460800
