bulk_corr,error,tot_seed,sample
0.015066005598263212,0.00013180727997187043,1000,192006
