bulk_corr,error,tot_seed,sample
0.10396223290831197,0.0004086483221339277,2000,128000
