corr_etoe,error,Nseed,Nsample
0.5159442305663561,0.013624106670550506,2000,2000
