corr_etoe,error,Nseed,Nsample
0.3141943597381921,0.010713500575081686,2000,2000
