corr_etoe,error,Nseed,Nsample
0.20980764681655678,0.013037319695868323,1000,1000
