bulk_corr,error,tot_seed,sample
0.021742292102075213,8.083977823768078e-05,1800,230400
