bulk_corr,error,tot_seed,sample
0.12383970679646286,0.000651466059691714,2000,64000
