bulk_corr,error,tot_seed,sample
0.1247582628842547,0.000688931362102364,1800,57600
