bulk_corr,error,tot_seed,sample
0.022459482333544944,0.00015368988583213002,1800,230400
