bulk_corr,error,tot_seed,sample
0.022247420294582643,0.00014597103272512784,2000,256000
