bulk_corr,error,tot_seed,sample
0.019065345650869585,7.639161598969981e-05,1800,460800
