bulk_corr,error,tot_seed,sample
0.2612307811647755,0.0004191904336508932,3000,96000
