bulk_corr,error,tot_seed,sample
0.011458770020607741,9.663440639838078e-05,1000,256000
