bulk_corr,error,tot_seed,sample
0.012417330788418657,7.18075754074693e-05,1000,192000
