bulk_corr,error,tot_seed,sample
0.05953756370768719,0.0001714171219209699,2000,256000
