bulk_corr,error,tot_seed,sample
0.019129704734233526,8.703470524404381e-05,900,230400
