bulk_corr,error,tot_seed,sample
0.007313620957548279,6.168586997622199e-05,1800,460800
