bulk_corr,error,tot_seed,sample
0.06587241096182768,0.00030823928499798536,1800,115200
