bulk_corr,error,tot_seed,sample
0.2258273894850432,0.0007190359061002126,3000,96000
