bulk_corr,error,tot_seed,sample
0.26395713336736143,0.001215908639301174,900,28800
