bulk_corr,error,tot_seed,sample
0.09260843331743551,0.0003119904888198497,3000,192000
