bulk_corr,error,tot_seed,sample
0.11764592481139119,0.0008258835492224244,1800,57600
