bulk_corr,error,tot_seed,sample
0.11829667177223287,0.0007871844305422866,2000,64000
