bulk_corr,error,tot_seed,sample
0.03391086799729624,0.000147653884003689,1000,192021
