corr_etoe,error,Nseed,Nsample
0.39224792942647807,0.012335277364426668,2000,2000
