corr_etoe,error,Nseed,Nsample
0.23628845814814578,0.010295562800749685,2000,2000
