bulk_corr,error,tot_seed,sample
0.10550329896800666,0.0004030503880974793,2000,128000
