corr_etoe,error,Nseed,Nsample
0.06577840667903284,0.009042848959079513,1000,1000
