corr_etoe,error,Nseed,Nsample
0.45022189289398373,0.011915295994706544,2000,2000
