corr_etoe,error,Nseed,Nsample
0.6088092433392187,0.013272437540513618,2000,2000
