corr_etoe,error,Nseed,Nsample
0.29785629648593354,0.010426293426532696,2000,2000
