bulk_corr,error,tot_seed,sample
0.12640719178268855,0.00032705162001599744,3000,192000
