bulk_corr,error,tot_seed,sample
0.09763237356772467,0.0002504465105615974,1800,115200
