bulk_corr,error,tot_seed,sample
0.09898618637222345,0.000693723875437662,1800,57600
