bulk_corr,error,tot_seed,sample
0.09767875058046398,0.0006547715238291645,2000,64000
