bulk_corr,error,tot_seed,sample
0.017297700796789436,7.247059132515514e-05,2000,512000
