ZL,error,Nseed,Nsample
0.3844519689241013,0.005982879699200331,3000.0,3000.0
