ZL,error,Nseed,Nsample
0.522205239775821,0.009934490518580637,1000.0,1000.0
