ZL,error,Nseed,Nsample
0.45619503191980515,0.006089106459857241,3000.0,3000.0
