ZL,error,Nseed,Nsample
0.2599304254945274,0.005422871563515438,3000.0,3000.0
