bulk_corr,error,tot_seed,sample
0.22659481041572452,0.0004006369256756563,3000,96000
