bulk_corr,error,tot_seed,sample
0.014770234865615444,0.00024442331331211894,1800,115136
