bulk_corr,error,tot_seed,sample
0.04903221096026609,0.00020023709411588615,1800,115200
