bulk_corr,error,tot_seed,sample
0.0034484277745438796,2.0709291748605256e-05,1800,460800
