bulk_corr,error,tot_seed,sample
0.0020581554523665733,4.8788688956954564e-05,1800,459520
