bulk_corr,error,tot_seed,sample
0.012881792563338568,7.880804857551646e-05,1800,230400
