bulk_corr,error,tot_seed,sample
0.014629157548881798,0.00012652542886942527,900,172800
