bulk_corr,error,tot_seed,sample
0.2034666970865522,0.0007258552755719841,3000,96000
