bulk_corr,error,tot_seed,sample
0.020219045833311158,0.0001135472809846128,3000,384000
