bulk_corr,error,tot_seed,sample
0.08099909146626344,0.00032479093075109825,3000,192000
