bulk_corr,error,tot_seed,sample
0.14959612687101898,0.0004545272973182199,900,57600
