bulk_corr,error,tot_seed,sample
0.20164986512866445,0.00040986559274250057,3000,96000
