bulk_corr,error,tot_seed,sample
0.07469157671569616,0.000314295745441689,3000,192000
