bulk_corr,error,tot_seed,sample
0.02636090754388282,8.422817027689566e-05,1800,230400
