bulk_corr,error,tot_seed,sample
0.16228500707439017,0.00057097240175326,900,28800
