bulk_corr,error,tot_seed,sample
0.25398275443942303,0.0006967467821636727,3000,96000
