bulk_corr,error,tot_seed,sample
0.024259724088986506,0.00011848735214796454,1800,230400
