bulk_corr,error,tot_seed,sample
0.04788694418017365,0.00027490172068978555,1800,115200
