bulk_corr,error,tot_seed,sample
0.030514665417007522,0.00016822437496690862,2000,256000
