bulk_corr,error,tot_seed,sample
0.19101881277616148,0.0007292400495192127,3000,96000
