bulk_corr,error,tot_seed,sample
0.16448303115189836,0.0007252417004283088,3000,96000
