bulk_corr,error,tot_seed,sample
0.03159677947002534,0.00019753531432407757,1800,115200
