bulk_corr,error,tot_seed,sample
0.0008377117544524574,1.094854744506505e-05,1800,460800
