bulk_corr,error,tot_seed,sample
0.0025089321350702134,4.276881910307016e-05,1000,256000
