bulk_corr,error,tot_seed,sample
0.11315552640214036,0.0005933653814229911,900,57600
