bulk_corr,error,tot_seed,sample
0.20530651687120857,0.00040839356564850856,3000,96000
