bulk_corr,error,tot_seed,sample
0.04177512052023765,0.0002437739528872979,1000,128000
