bulk_corr,error,tot_seed,sample
3.082076045790727e-07,1.148263803021859e-05,1800,460800
