bulk_corr,error,tot_seed,sample
0.29069554696103034,0.0004873164422928914,2000,64000
