ZL,error,Nseed,Nsample
-0.053037537878655304,0.013207986875690582,3000.0,3000.0
