ZL,error,Nseed,Nsample
-0.005136246063772902,0.0110640215617377,3000.0,3000.0
