ZL,error,Nseed,Nsample
-0.011420384295034062,0.012469654707085125,3000.0,3000.0
