ZL,error,Nseed,Nsample
0.08730303017384342,0.008398469888833658,3000.0,3000.0
