bulk_corr,error,tot_seed,sample
0.08366871962214638,0.0003252273923877932,3000,192000
