bulk_corr,error,tot_seed,sample
0.1428684663500356,0.00038663453824837524,1800,115200
