corr_etoe,error,Nseed,Nsample
0.6502532644556226,0.03340128355141925,500,464
