corr_etoe,error,Nseed,Nsample
0.07001909966915724,0.007944481458747776,1000,1000
