bulk_corr,error,tot_seed,sample
0.05743205373094328,0.00025064574921565406,1800,115200
