ZL,error,Nseed,Nsample
0.8497867999180817,0.0041160964515507435,1000.0,1000.0
