ZL,error,Nseed,Nsample
0.8130827344260383,0.002711920426231091,3000.0,3000.0
