ZL,error,Nseed,Nsample
0.7596198499749883,0.0022910700484039272,3000.0,3000.0
