ZL,error,Nseed,Nsample
0.6312454189985417,0.0021711635046679895,3000.0,3000.0
