bulk_corr,error,tot_seed,sample
0.1143837839664234,0.0005940026738295273,1800,57600
