bulk_corr,error,tot_seed,sample
0.020683202644344315,0.00014282504427916396,3000,243200
