bulk_corr,error,tot_seed,sample
0.014116556851968467,7.136132155394753e-05,2000,512000
