ZL,error,Nseed,Nsample
-0.6212499907484025,0.011221357011351211,1000.0,1000.0
