ZL,error,Nseed,Nsample
-0.3006783030085127,0.005650391689460941,3000.0,3000.0
