ZL,error,Nseed,Nsample
-0.5018085973611478,0.0057833431720528605,3000.0,3000.0
