ZL,error,Nseed,Nsample
-0.5921971180229337,0.005980416920818534,3000.0,3000.0
