corr_etoe,error,Nseed,Nsample
0.36958581669362206,0.01077138206486755,2000,2000
