corr_etoe,error,Nseed,Nsample
0.532945041534121,0.012459086950581094,2000,2000
