corr_etoe,error,Nseed,Nsample
0.24283371225114234,0.009227879893661781,2000,2000
