bulk_corr,error,tot_seed,sample
0.1786919516445835,0.0002764074397523085,3000,96000
