bulk_corr,error,tot_seed,sample
0.06285848471359752,0.0003258316011741313,2000,128000
