bulk_corr,error,tot_seed,sample
0.06352210917513716,0.0003441933291412349,1800,115200
