bulk_corr,error,tot_seed,sample
0.2820979148153645,0.0008106842508185573,1800,57600
