corr_etoe,error,Nseed,Nsample
1.2634796832145225,0.014262206255378596,1000,1000
