corr_etoe,error,Nseed,Nsample
0.2032334291928135,0.011249610003608898,1000,1000
