corr_etoe,error,Nseed,Nsample
0.28648990518382295,0.01332902774972193,1000,1000
