corr_etoe,error,Nseed,Nsample
0.6343212395542978,0.01877704078507032,1000,1000
