corr_etoe,error,Nseed,Nsample
0.48061847733041635,0.016540252424050307,1000,1000
