corr_etoe,error,Nseed,Nsample
0.4253151516485256,0.025312924718103008,1000,1000
