corr_etoe,error,Nseed,Nsample
0.2545744995724327,0.021292062708355583,1000,1000
