corr_etoe,error,Nseed,Nsample
0.9471423263020705,0.022257303848356707,1000,1000
