bulk_corr,error,tot_seed,sample
0.000383480137796815,1.1769519916182457e-05,900,230400
