bulk_corr,error,tot_seed,sample
0.00037251295675312223,1.0841611299485923e-05,1000,256000
