bulk_corr,error,tot_seed,sample
0.07815615893061334,0.0002887849459868744,3000,192000
