bulk_corr,error,tot_seed,sample
0.1367679035312269,0.0008919710270897729,1800,57600
