bulk_corr,error,tot_seed,sample
0.1372916131825574,0.0008435642111090621,2000,64000
