bulk_corr,error,tot_seed,sample
0.05950665040554946,0.0002150799649591672,1800,115200
