bulk_corr,error,tot_seed,sample
0.0455164108387693,0.00023121362347072624,1800,115200
