bulk_corr,error,tot_seed,sample
0.10619647226715911,0.00033021719550865814,3000,192000
