bulk_corr,error,tot_seed,sample
0.05225989478445969,0.0001659820827578521,1800,115200
