corr_etoe,error,Nseed,Nsample
0.22116131672926514,0.03459814573412195,2000,2000
