corr_etoe,error,Nseed,Nsample
2.197660682266549,0.02035413874717699,2000,2000
