bulk_corr,error,tot_seed,sample
0.0860208040605751,0.00032092696228631034,3000,192000
