bulk_corr,error,tot_seed,sample
0.06930771519892812,0.0003892846000262795,1800,115200
