bulk_corr,error,tot_seed,sample
-6.352002437383451e-05,2.484062483046968e-06,1800,460800
