bulk_corr,error,tot_seed,sample
0.010188965263514446,6.57417876118735e-05,900,230400
