corr_etoe,error,Nseed,Nsample
0.09438801105523863,0.009432279685465927,1000,1000
