corr_etoe,error,Nseed,Nsample
2.3786058615390453,0.00979925543532204,3000,3000
