bulk_corr,error,tot_seed,sample
0.04856600041211443,0.0004842428448514099,1800,57600
