corr_etoe,error,Nseed,Nsample
0.4611252567526317,0.02262102062165793,1000,1000
