corr_etoe,error,Nseed,Nsample
0.03754961596417604,0.005792874383263313,1000,1000
