corr_etoe,error,Nseed,Nsample
2.2069407706576722,0.014173057033218892,3000,3000
