corr_etoe,error,Nseed,Nsample
2.077755080898823,0.010066666576612362,3000,3000
