bulk_corr,error,tot_seed,sample
0.3031942764082747,0.0010639780797146489,900,28800
