bulk_corr,error,tot_seed,sample
0.21753315517729596,0.000705124190780997,3000,96000
