bulk_corr,error,tot_seed,sample
0.04067334701116585,0.00017381349554655923,2000,256000
