bulk_corr,error,tot_seed,sample
0.0006589772084039172,3.116493272199968e-05,1800,460800
