bulk_corr,error,tot_seed,sample
0.18668019821156337,0.0007194905883585978,3000,96000
