bulk_corr,error,tot_seed,sample
0.0014883361316920052,1.3377532274761321e-05,1800,460800
