bulk_corr,error,tot_seed,sample
0.13323487854484967,0.000707156100409876,1800,57600
