bulk_corr,error,tot_seed,sample
0.13432708870745244,0.000673277534570755,2000,64000
