bulk_corr,error,tot_seed,sample
0.022872990887373237,0.0001411220038215401,2500,294400
