bulk_corr,error,tot_seed,sample
0.07298038740309024,0.0002934960465634555,3000,192000
