bulk_corr,error,tot_seed,sample
0.07491402427986513,0.00020503041430789375,1800,115200
