corr_etoe,error,Nseed,Nsample
1.6201946414335795,0.009959420954788138,3000,3000
