corr_etoe,error,Nseed,Nsample
1.6815064502436117,0.010533497602816617,3000,3000
