bulk_corr,error,tot_seed,sample
0.0633333619338309,0.00015715471915663757,1800,230400
