bulk_corr,error,tot_seed,sample
0.23024593202079008,0.0008774897408831996,2000,64000
