bulk_corr,error,tot_seed,sample
0.12167206073459463,0.0008934629921265193,1800,57600
