bulk_corr,error,tot_seed,sample
0.016488424288493803,0.0001690112505828312,3000,153600
