bulk_corr,error,tot_seed,sample
0.005568097246268838,4.002130544939908e-05,1800,460800
