bulk_corr,error,tot_seed,sample
0.00021072479045187317,2.4185862745534796e-05,900,115200
