bulk_corr,error,tot_seed,sample
0.027835210890810168,0.00010336127752140037,1800,230400
