bulk_corr,error,tot_seed,sample
0.11881655712366482,0.0004926131339833408,2000,64000
