bulk_corr,error,tot_seed,sample
0.11814858851719769,0.0005172114243939361,1800,57600
