bulk_corr,error,tot_seed,sample
0.0031587810716893214,6.864798892577557e-05,1000,256000
