bulk_corr,error,tot_seed,sample
0.03286366524501525,0.0003472789587366942,1800,115200
