bulk_corr,error,tot_seed,sample
0.0068730808602738185,9.923639602078089e-05,1800,115200
