bulk_corr,error,tot_seed,sample
0.017943188260633083,7.803361021630254e-05,900,230400
