bulk_corr,error,tot_seed,sample
0.1490920865285687,0.00054493784842269,1800,57600
