bulk_corr,error,tot_seed,sample
0.1487624836714441,0.0005146483293577481,2000,64000
