bulk_corr,error,tot_seed,sample
0.024793692120544535,0.00015871770444563036,2000,256000
