bulk_corr,error,tot_seed,sample
0.06431437882540954,0.0001972383383278753,1800,115200
