bulk_corr,error,tot_seed,sample
0.2577540680962476,0.0008187236484637522,1800,57600
