bulk_corr,error,tot_seed,sample
0.06356970880736584,0.00019255559006943503,1000,128003
