bulk_corr,error,tot_seed,sample
0.018408548697079457,8.819579757354892e-05,1800,230400
