bulk_corr,error,tot_seed,sample
0.04129753746834789,0.00032065800580594734,2000,128000
