bulk_corr,error,tot_seed,sample
0.041275900287394716,0.0003376678417472594,1800,115200
