bulk_corr,error,tot_seed,sample
0.0706581454351643,0.00021555733486371215,1800,57600
