bulk_corr,error,tot_seed,sample
0.011698713414554677,9.370369676140028e-05,1000,256000
