bulk_corr,error,tot_seed,sample
0.2844976080638482,0.0005575176986253802,1800,57600
