bulk_corr,error,tot_seed,sample
0.2838531845884918,0.0005280767205791895,2000,64000
