bulk_corr,error,tot_seed,sample
0.042815966006523654,9.558045214321052e-05,2000,256000
