bulk_corr,error,tot_seed,sample
0.0428036918038762,0.00010051764077813177,1800,230400
