corr_etoe,error,Nseed,Nsample
0.7145796584249237,0.013209821316846103,3000,3000
