corr_etoe,error,Nseed,Nsample
0.49693881551816177,0.011538888059073996,3000,3000
