corr_etoe,error,Nseed,Nsample
0.3524921577242698,0.01122194708270765,2500,2500
