bulk_corr,error,tot_seed,sample
0.03302841441230369,0.0001697747849079331,2000,128000
