bulk_corr,error,tot_seed,sample
0.033331819876998646,0.00017884840535745852,1800,115200
