bulk_corr,error,tot_seed,sample
0.05281729137148096,0.00025995749881854843,900,115200
