bulk_corr,error,tot_seed,sample
0.004760030537076025,7.545504837936066e-05,1000,256000
