corr_etoe,error,Nseed,Nsample
1.5174746371194794,0.010455286759833052,3000,3000
