corr_etoe,error,Nseed,Nsample
0.6770149177564243,0.033762273241657884,1000,1000
