bulk_corr,error,tot_seed,sample
0.22318477397571965,0.0005231118085785649,3000,96000
