bulk_corr,error,tot_seed,sample
0.09494319015831224,0.0003292429527888028,3000,192000
