bulk_corr,error,tot_seed,sample
0.0014367740182226112,1.2743371413225165e-05,1800,460800
