bulk_corr,error,tot_seed,sample
0.21175942227798522,0.0007306824238214581,3000,96000
