bulk_corr,error,tot_seed,sample
0.0980104825893083,0.00032641028927665066,3000,192000
