bulk_corr,error,tot_seed,sample
0.0182614567048738,7.2991473976783e-05,2000,512000
