corr_etoe,error,Nseed,Nsample
2.186448292657154,0.01561623252202558,3000,3000
