corr_etoe,error,Nseed,Nsample
0.9118682678157384,0.05654549655261091,1000,1000
