bulk_corr,error,tot_seed,sample
0.06640968757872286,0.00022398407397365385,900,115200
