bulk_corr,error,tot_seed,sample
0.02948088799820695,0.00015068588668011834,1000,192000
