bulk_corr,error,tot_seed,sample
0.0038210873273394836,2.3131456905234617e-05,1800,460800
