bulk_corr,error,tot_seed,sample
0.019731312570729433,7.429778708283844e-05,2000,512000
