bulk_corr,error,tot_seed,sample
0.012991779070554795,7.200957293416003e-05,1800,460800
