bulk_corr,error,tot_seed,sample
0.22333560741767425,0.0007048498434153273,3000,96000
