bulk_corr,error,tot_seed,sample
0.1983809568901267,0.0008877667959488302,2000,64000
