bulk_corr,error,tot_seed,sample
0.1972478136411007,0.0009352044163035883,1800,57600
