bulk_corr,error,tot_seed,sample
0.1194921688358214,0.0008104379786249492,1800,57600
