bulk_corr,error,tot_seed,sample
0.11905623464765783,0.0007673496829872193,2000,64000
