corr_etoe,error,Nseed,Nsample
0.1479174100762945,0.010064616922619346,1000,1000
