bulk_corr,error,tot_seed,sample
0.05467021261705324,0.0002524422201880258,900,115200
