bulk_corr,error,tot_seed,sample
0.09496867414728573,0.0008479280766700911,1800,57600
