bulk_corr,error,tot_seed,sample
0.009932800373146406,0.0001287194439215569,1800,229888
