bulk_corr,error,tot_seed,sample
0.14683493314308319,0.0004075720804758899,900,57600
